y	x	PANEL	row_in_group	na_group
22	118089.476	1	1	0
28.9959919850032	118089.552012024	1	2	0
61.9919839700063	118089.628024048	1	3	0
34.4234182643039	118089.704036072	1	4	0
44.3173012683789	118089.780048096	1	5	0
28.3466933866342	118089.85606012	1	6	0
21.9819639287889	118089.932072144	1	7	0
26.4579158350825	118090.008084168	1	8	0
24.6346025367578	118090.084096192	1	9	0
32.4564684927464	118090.160108216	1	10	0
26.1202404797077	118090.236120241	1	11	0
54.2645290493965	118090.312132265	1	12	0
46.71476286153	118090.388144289	1	13	0
35.9218436852098	118090.464156313	1	14	0
33.3326653301716	118090.540168337	1	15	0
33.2732130934795	118090.616180361	1	16	0
44.1282565097014	118090.692192385	1	17	0
32.9318637251854	118090.768204409	1	18	0
23.1082164347172	118090.844216433	1	19	0
35.1535571143031	118090.920228457	1	20	0
37.639946560065	118090.996240481	1	21	0
33.2491649985313	118091.072252505	1	22	0
38.3677354678512	118091.148264529	1	23	0
39.9308617226779	118091.224276553	1	24	0
37.3814295257131	118091.300288577	1	25	0
17.8141998286758	118091.376300601	1	26	0
18.137474951148	118091.452312625	1	27	0
27.1688376739621	118091.528324649	1	28	0
33.7525050118566	118091.604336673	1	29	0
31.478385342019	118091.680348697	1	30	0
25.1278557121754	118091.756360721	1	31	0
34.3284068144858	118091.832372746	1	32	0
38.0961923860014	118091.90838477	1	33	0
43.2064128220081	118091.984396794	1	34	0
50.2955911830068	118092.060408818	1	35	0
38.9671843703836	118092.136420842	1	36	0
37.7134268522263	118092.212432866	1	37	0
25.4816299279531	118092.28844489	1	38	0
37.3857715427876	118092.364456914	1	39	0
36.6937875747681	118092.440468938	1	40	0
26.9038076162338	118092.516480962	1	41	0
30.3732464946806	118092.592492986	1	42	0
27.7474949881434	118092.66850501	1	43	0
34.8276553104321	118092.744517034	1	44	0
50.9418837726116	118092.820529058	1	45	0
38.0273881057898	118092.896541082	1	46	0
34.7234468907118	118092.972553106	1	47	0
32.565130263567	118093.04856513	1	48	0
52.9809619237979	118093.124577154	1	49	0
68.196392784516	118093.200589178	1	50	0
36.1329325338205	118093.276601202	1	51	0
34.0876037797758	118093.352613226	1	52	0
40.3126252517104	118093.428625251	1	53	0
62.6372745484114	118093.504637275	1	54	0
59.3507014065981	118093.580649299	1	55	0
70.0160320848227	118093.656661323	1	56	0
65.3366733491421	118093.732673347	1	57	0
45.7975952029228	118093.808685371	1	58	0
91.8486973941326	118093.884697395	1	59	0
135.709418833256	118093.960709419	1	60	0
152.278557106853	118094.036721443	1	61	0
148.533066123724	118094.112733467	1	62	0
132.254509016871	118094.188745491	1	63	0
173.757515028119	118094.264757515	1	64	0
183.153640617927	118094.340769539	1	65	0
161.390781566501	118094.416781563	1	66	0
160.793587177992	118094.492793587	1	67	0
200.805611222982	118094.568805611	1	68	0
169.908817633986	118094.644817635	1	69	0
200.170340687037	118094.720829659	1	70	0
195.474949881434	118094.796841683	1	71	0
212.146292582154	118094.872853707	1	72	0
250.268537074328	118094.948865731	1	73	0
269.694388769567	118095.024877756	1	74	0
215.110220447183	118095.10088978	1	75	0
200.196392774582	118095.176901804	1	76	0
136.827655315399	118095.252913828	1	77	0
135.85170340538	118095.328925852	1	78	0
136.124248504639	118095.404937876	1	79	0
123.575150310993	118095.4809499	1	80	0
115.057114221156	118095.556961924	1	81	0
84.5130260512233	118095.632973948	1	82	0
46.6713426858187	118095.708985972	1	83	0
33.4989979937673	118095.784997996	1	84	0
39.3299933175246	118095.86101002	1	85	0
43.3406813641389	118095.937022044	1	86	0
54.6270723261617	118096.013034068	1	87	0
53.0460921823979	118096.089046092	1	88	0
65.0290581136942	118096.165058116	1	89	0
54.3099532375733	118096.24107014	1	90	0
34.5410821661353	118096.317082164	1	91	0
30.9058116227388	118096.393094188	1	92	0
28.1062124222517	118096.469106212	1	93	0
31.146960588793	118096.545118236	1	94	0
28.710086842378	118096.621130261	1	95	0
25.0794923173057	118096.697142285	1	96	0
28.845691382885	118096.773154309	1	97	0
40.4584168344736	118096.849166333	1	98	0
38.5350701212883	118096.925178357	1	99	0
28.8096192330122	118097.001190381	1	100	0
12.2567993125745	118097.077202405	1	101	0
8.77919475327839	118097.153214429	1	102	0
5.2512393209495	118097.229226453	1	103	0
8.34010878950357	118097.305238477	1	104	0
18.2505010068417	118097.381250501	1	105	0
23.3687374740839	118097.457262525	1	106	0
36.7254509031773	118097.533274549	1	107	0
32.1432865709066	118097.609286573	1	108	0
23.3830995336175	118097.685298597	1	109	0
39.1035404155652	118097.761310621	1	110	0
25.838677354157	118097.837322645	1	111	0
30.3807615233319	118097.913334669	1	112	0
26.7822311272224	118097.989346693	1	113	0
26.2565130233765	118098.065358717	1	114	0
25.3707414865494	118098.141370741	1	115	0
24.276553106308	118098.217382766	1	116	0
9.55791583061218	118098.29339479	1	117	0
9.32665330713446	118098.369406814	1	118	0
11.5418837681413	118098.445418838	1	119	0
27.5569138273597	118098.521430862	1	120	0
17.7214428856969	118098.597442886	1	121	0
18.2725450918078	118098.67345491	1	122	0
15.2334669306874	118098.749466934	1	123	0
12.5399131601055	118098.825478958	1	124	0
9.24549098312855	118098.901490982	1	125	0
25.8343353370826	118098.977503006	1	126	0
23.9030060112476	118099.05351503	1	127	0
32.2635270506144	118099.129527054	1	128	0
19.7304609194398	118099.205539078	1	129	0
6.07481629898151	118099.281551102	1	130	0
7.16196028414098	118099.357563126	1	131	0
10.2625250493487	118099.43357515	1	132	0
21.7064128220081	118099.509587174	1	133	0
24.8002671996752	118099.585599198	1	134	0
25.0444889783859	118099.661611222	1	135	0
25.2464929819107	118099.737623246	1	136	0
18.7187101461671	118099.813635271	1	137	0
25.1763527020812	118099.889647295	1	138	0
25.8681362718344	118099.965659319	1	139	0
32.6643286570907	118100.041671343	1	140	0
40.6583166345954	118100.117683367	1	141	0
38.9218436896801	118100.193695391	1	142	0
31.8617234428724	118100.269707415	1	143	0
13.5055565671487	118100.345719439	1	144	0
8.41790247162183	118100.421731463	1	145	0
20.2743486970663	118100.497743487	1	146	0
35.3511022031307	118100.573755511	1	147	0
23.4617807034935	118100.649767535	1	148	0
24.8220440879464	118100.725779559	1	149	0
13.9010521043092	118100.801791583	1	150	0
4.86606546491385	118100.877803607	1	151	0
7.95468715247181	118100.953815631	1	152	0
6.29802462032863	118101.029827655	1	153	0
3.24003562662337	118101.105839679	1	154	0
9.23146292567253	118101.181851703	1	155	0
20.9545758167903	118101.257863727	1	156	0
11.2248496979475	118101.333875752	1	157	0
6.69160543216599	118101.409887776	1	158	0
1.80668002665043	118101.4858998	1	159	0
5.57772688248328	118101.561911824	1	160	0
7.35871743659178	118101.637923848	1	161	0
9.37488770690458	118101.713935872	1	162	0
3.88309953278965	118101.789947896	1	163	0
10.7466599866748	118101.86595992	1	164	0
3.27527782862837	118101.941971944	1	165	0
6.14362057475817	118102.017983968	1	166	0
5.4979959949851	118102.093995992	1	167	0
7.62600200437009	118102.170008016	1	168	0
8.90200400799513	118102.24602004	1	169	0
8.78800458035299	118102.322032064	1	170	0
4.76211246059221	118102.398044088	1	171	0
3.73866251000652	118102.474056112	1	172	0
6.71104112977073	118102.550068136	1	173	0
1.20855997715678	118102.62608016	1	174	0
0.429078156352043	118102.702092184	1	175	0
0.429924784542678	118102.778104208	1	176	0
1.69817896673213	118102.854116232	1	177	0
8.21390148722812	118102.930128257	1	178	0
9.23246493004262	118103.006140281	1	179	0
7.93907815814018	118103.082152305	1	180	0
9.70978995053856	118103.158164329	1	181	0
4.08817635476589	118103.234176353	1	182	0
3.86162801796482	118103.310188377	1	183	0
4.38521487403799	118103.386200401	1	184	0
5.77337283284768	118103.462212425	1	185	0
7.24488978087902	118103.538224449	1	186	0
4.66182364746928	118103.614236473	1	187	0
3.33059667723794	118103.690248497	1	188	0
2.03081162335972	118103.766260521	1	189	0
8.03028278715081	118103.842272545	1	190	0
7.34308617115021	118103.918284569	1	191	0
10.4120741486549	118103.994296593	1	192	0
9.07715430855751	118104.070308617	1	193	0
4.66412825584412	118104.146320641	1	194	0
3.72211088736852	118104.222332665	1	195	0
2.2571107125596	118104.298344689	1	196	0
1.28572296102842	118104.374356713	1	197	0
0.134442798631347	118104.450368738	1	198	0
0.960660451294287	118104.526380762	1	199	0
4.76298050582409	118104.602392786	1	200	0
8.43967935840289	118104.67840481	1	201	0
5.49243942444975	118104.754416834	1	202	0
5.61749305071369	118104.830428858	1	203	0
2.08717434853315	118104.906440882	1	204	0
2.90723112877458	118104.982452906	1	205	0
0.390701402723789	118105.05846493	1	206	0
0.645230460911989	118105.134476954	1	207	0
0.130556567656723	118105.210488978	1	208	0
0.994329568167979	118105.286501002	1	209	0
0.221515195271404	118105.362513026	1	210	0
2.66250147363719	118105.43852505	1	211	0
1.02237808952729	118105.514537074	1	212	0
1.53268074607238	118105.590549098	1	213	0
0.679088514172629	118105.666561122	1	214	0
0.102454909858735	118105.742573146	1	215	0
0.602534015417883	118105.81858517	1	216	0
1.57767386624107	118105.894597194	1	217	0
1.11494221323974	118105.970609218	1	218	0
1.16893787607551	118106.046621243	1	219	0
3.25466933846474	118106.122633267	1	220	0
1.54843019445737	118106.198645291	1	221	0
4.81713426858187	118106.274657315	1	222	0
2.87733361438701	118106.350669339	1	223	0
2.76593186408281	118106.426681363	1	224	0
4.20507682008403	118106.502693387	1	225	0
4.44961351262672	118106.578705411	1	226	0
6.31412825658917	118106.654717435	1	227	0
4.07940881792456	118106.730729459	1	228	0
5.70505296332496	118106.806741483	1	229	0
13.9436651070913	118106.882753507	1	230	0
5.58517034053802	118106.958765531	1	231	0
1.63110220432282	118107.034777555	1	232	0
4.86184869706631	118107.110789579	1	233	0
5.38326653279364	118107.186801603	1	234	0
14.757069695327	118107.262813627	1	235	0
13.7064128257334	118107.338825651	1	236	0
8.39529058150947	118107.414837675	1	237	0
4.37046820941297	118107.490849699	1	238	0
6.92154308632016	118107.566861723	1	239	0
9.95129241529158	118107.642873748	1	240	0
4.44288577139378	118107.718885772	1	241	0
5.89050828868693	118107.794897796	1	242	0
17.038392573595	118107.87090982	1	243	0
13.8463593845566	118107.946921844	1	244	0
6.51102204372485	118108.022933868	1	245	0
5.58483633937107	118108.098945892	1	246	0
3.12676416654536	118108.174957916	1	247	0
4.82832331210375	118108.25096994	1	248	0
11.725633084774	118108.326981964	1	249	0
5.43353373408318	118108.402993988	1	250	0
5.59969939887524	118108.479006012	1	251	0
15.5090180337429	118108.555018036	1	252	0
29.6060120254755	118108.63103006	1	253	0
25.4694722781579	118108.707042084	1	254	0
15.9819639275471	118108.783054108	1	255	0
19.0220440874497	118108.859066132	1	256	0
24.0156312614679	118108.935078156	1	257	0
6.90981963276863	118109.01109018	1	258	0
12.9921381221368	118109.087102204	1	259	0
10.0442885771394	118109.163114228	1	260	0
10.3543754170338	118109.239126253	1	261	0
7.08176352722304	118109.315138277	1	262	0
3.54792919196188	118109.391150301	1	263	0
12.7207748840253	118109.467162325	1	264	0
20.1957247828444	118109.543174349	1	265	0
17.4534068144858	118109.619186373	1	266	0
20.9779559125503	118109.695198397	1	267	0
17.4473947882652	118109.771210421	1	268	0
22.9110220432282	118109.847222445	1	269	0
28.1763527052743	118109.923234469	1	270	0
32.3116232454777	118109.999246493	1	271	0
37.8707414865494	118110.075258517	1	272	0
36.8647294566035	118110.151270541	1	273	0
45.8091739035315	118110.227282565	1	274	0
30.352705411613	118110.303294589	1	275	0
39.6933867782354	118110.379306613	1	276	0
41.5604542394479	118110.455318637	1	277	0
30.7795591155688	118110.531330661	1	278	0
32.2191048761209	118110.607342685	1	279	0
27.3547094166279	118110.683354709	1	280	0
39.8733466923237	118110.759366733	1	281	0
32.7575150430203	118110.835378758	1	282	0
42.6781563133001	118110.911390782	1	283	0
36.4028056114912	118110.987402806	1	284	0
33.6037074141204	118111.06341483	1	285	0
30.7194388955832	118111.139426854	1	286	0
27.561122238636	118111.215438878	1	287	0
26.4509018063545	118111.291450902	1	288	0
17.1707860165172	118111.367462926	1	289	0
1.99284282752446	118111.44347495	1	290	0
3.12174348533154	118111.519486974	1	291	0
10.7498998001218	118111.595498998	1	292	0
10.0464565496553	118111.671511022	1	293	0
17.2461589848002	118111.747523046	1	294	0
9.11623246595263	118111.82353507	1	295	0
19.5721442887888	118111.899547094	1	296	0
15.0629831084183	118111.975559118	1	297	0
24.9048096189896	118112.051571142	1	298	0
23.4168336689472	118112.127583166	1	299	0
30.5951903760433	118112.20359519	1	300	0
21.607214435935	118112.279607214	1	301	0
17.8730794936419	118112.355619239	1	302	0
15.0906256958842	118112.431631263	1	303	0
10.46492985636	118112.507643287	1	304	0
21.3793300879853	118112.583655311	1	305	0
16.3336673378944	118112.659667335	1	306	0
18.7798931201299	118112.735679359	1	307	0
16.3844832522529	118112.811691383	1	308	0
19.8517034053803	118112.887703407	1	309	0
8.57114228606224	118112.963715431	1	310	0
11.4886439548184	118113.039727455	1	311	0
7.91783567104075	118113.115739479	1	312	0
4.52268172710231	118113.191751503	1	313	0
6.97189834205942	118113.267763527	1	314	0
2.4880195175824	118113.343775551	1	315	0
0.162101981658784	118113.419787575	1	316	0
1.56665712382112	118113.495799599	1	317	0
2.7411746569933	118113.571811623	1	318	0
2.51864291958406	118113.647823647	1	319	0
3.15357029830155	118113.723835671	1	320	0
3.14328657293862	118113.799847695	1	321	0
1.91768151693619	118113.875859719	1	322	0
3.13601115281167	118113.951871743	1	323	0
1.25968603913983	118114.027883768	1	324	0
1.47583166360855	118114.103895792	1	325	0
1.12628033839994	118114.179907816	1	326	0
2.43066132267316	118114.25591984	1	327	0
2.32081554419753	118114.331931864	1	328	0
2.85228994561405	118114.407943888	1	329	0
1.95823647320271	118114.483955912	1	330	0
1.68327564204281	118114.559967936	1	331	0
1.32113283169719	118114.63597996	1	332	0
1.17635270536822	118114.711991984	1	333	0
1.61303251645257	118114.788004008	1	334	0
3.44266310334206	118114.864016032	1	335	0
4.31726611131116	118114.940028056	1	336	0
4.65330661336581	118115.01604008	1	337	0
8.79478957951069	118115.092052104	1	338	0
3.02399671154145	118115.168064128	1	339	0
1.28942631033518	118115.244076152	1	340	0
1.14779559113085	118115.320088176	1	341	0
3.14200400799513	118115.3961002	1	342	0
1.36712555554898	118115.472112224	1	343	0
0.0465398882614805	118115.548124249	1	344	0
0.316086072871026	118115.624136273	1	345	0
0.58563225742773	118115.700148297	1	346	0
0.855178441984434	118115.776160321	1	347	0
2.93377230659364	118115.852172345	1	348	0
3.90937430494361	118115.928184369	1	349	0
3.28733831291849	118116.004196393	1	350	0
2.72421032545112	118116.080208417	1	351	0
1.94144652946429	118116.156220441	1	352	0
3.46908451035255	118116.232232465	1	353	0
2.08350033380769	118116.308244489	1	354	0
3.97813273615697	118116.384256513	1	355	0
3.40244775265455	118116.460268537	1	356	0
12.6900467599432	118116.536280561	1	357	0
9.90514362023936	118116.612292585	1	358	0
7.48850642495296	118116.688304609	1	359	0
3.30733466923237	118116.764316633	1	360	0
4.71643286570907	118116.840328657	1	361	0
5.79189629247412	118116.916340681	1	362	0
2.8710497921476	118116.992352705	1	363	0
1.28215050800093	118117.068364729	1	364	0
1.04709418863058	118117.144376754	1	365	0
1.1632014028728	118117.220388778	1	366	0
0.0938172642095589	118117.296400802	1	367	0
1.16513025760651	118117.372412826	1	368	0
7.202070808659	118117.44842485	1	369	0
5.90614562481642	118117.524436874	1	370	0
3.27584200664874	118117.600448898	1	371	0
3.58203072796265	118117.676460922	1	372	0
1.31577440609737	118117.752472946	1	373	0
3.11212424859405	118117.82848497	1	374	0
4.0359290008034	118117.904496994	1	375	0
4.93637274578214	118117.980509018	1	376	0
2.51477147879139	118118.056521042	1	377	0
1.91482965896527	118118.132533066	1	378	0
1.80466338085967	118118.20854509	1	379	0
2.03481963928789	118118.284557114	1	380	0
4.68914299195304	118118.360569138	1	381	0
7.01803607079718	118118.436581162	1	382	0
10.6406813621521	118118.512593186	1	383	0
7.81578541718997	118118.58860521	1	384	0
11.1275885105133	118118.664617234	1	385	0
6.68537074327469	118118.740629259	1	386	0
14.4717434883118	118118.816641283	1	387	0
9.4591683363542	118118.892653307	1	388	0
14.0580291015946	118118.968665331	1	389	0
6.64529058337212	118119.044677355	1	390	0
2.82575677648971	118119.120689379	1	391	0
4.43676827377395	118119.196701403	1	392	0
3.57150664925575	118119.272713427	1	393	0
2.50980221318162	118119.348725451	1	394	0
1.54749498963356	118119.424737475	1	395	0
1.50521877097587	118119.500749499	1	396	0
4.02167972245	118119.576761523	1	397	0
7.64529058039188	118119.652773547	1	398	0
7.92858444154263	118119.728785571	1	399	0
1.21736576613681	118119.804797595	1	400	0
4.15519928766622	118119.880809619	1	401	0
0.260234756129129	118119.956821643	1	402	0
0.277207476143934	118120.032833667	1	403	0
1.62258892785758	118120.108845691	1	404	0
4.21237068723988	118120.184857715	1	405	0
4.49185871705413	118120.260869739	1	406	0
1.94655978589347	118120.336881764	1	407	0
3.53982250222138	118120.412893788	1	408	0
6.15470941886306	118120.488905812	1	409	0
0.715548744973015	118120.564917836	1	410	0
2.64282410993026	118120.64092986	1	411	0
5.46716963368304	118120.716941884	1	412	0
10.6192384772003	118120.792953908	1	413	0
4.68937875827154	118120.868965932	1	414	0
1.94182482624755	118120.944977956	1	415	0
0.120361204247877	118121.02098998	1	416	0
1.18762525077909	118121.097002004	1	417	0
4.6995323980848	118121.173014028	1	418	0
0.74837174359709	118121.249026052	1	419	0
4.53751405237652	118121.325038076	1	420	0
5.07500715766634	118121.4010501	1	421	0
11.5367205002729	118121.477062124	1	422	0
7.61573146283627	118121.553074148	1	423	0
8.49138276576996	118121.629086172	1	424	0
4.4098196387291	118121.705098196	1	425	0
6.62634359571067	118121.78111022	1	426	0
14.2358049435748	118121.857122245	1	427	0
15.9731462925673	118121.933134269	1	428	0
20.2134268544614	118122.009146293	1	429	0
26.4604208432138	118122.085158317	1	430	0
51.4148296564818	118122.161170341	1	431	0
72.817635267973	118122.237182365	1	432	0
80.1943887770176	118122.313194389	1	433	0
89.4128256440163	118122.389206413	1	434	0
104.218436866999	118122.465218437	1	435	0
150.923179691037	118122.541230461	1	436	0
149.37875751406	118122.617242485	1	437	0
141.018036067486	118122.693254509	1	438	0
142.577822312713	118122.769266533	1	439	0
97.1392785534263	118122.845278557	1	440	0
89.387441555659	118122.921290581	1	441	0
130.39478957653	118122.997302605	1	442	0
165.685370743275	118123.073314629	1	443	0
154.673346698284	118123.149326653	1	444	0
162.322645276785	118123.225338677	1	445	0
128.175350703299	118123.301350701	1	446	0
99.8790915161371	118123.377362725	1	447	0
76.3126252517104	118123.45337475	1	448	0
40.6132264584303	118123.529386774	1	449	0
24.1503005996347	118123.605398798	1	450	0
24.392785569032	118123.681410822	1	451	0
28.5771543085575	118123.757422846	1	452	0
22.7825651317835	118123.83343487	1	453	0
10.5531062185764	118123.909446894	1	454	0
6.63527053967118	118123.985458918	1	455	0
5.65290581136942	118124.061470942	1	456	0
6.12925851717591	118124.137482966	1	457	0
8.05611222485701	118124.21349499	1	458	0
6.6197194391489	118124.289507014	1	459	0
1.12595190405846	118124.365519038	1	460	0
3.89482811781076	118124.441531062	1	461	0
1.52035986869893	118124.517543086	1	462	0
1.59489812950293	118124.59355511	1	463	0
2.45594414587944	118124.669567134	1	464	0
3.975244607119	118124.745579158	1	465	0
2.14527093399974	118124.821591182	1	466	0
2.84398064417083	118124.897603206	1	467	0
10.7455680593848	118124.97361523	1	468	0
1.57909151613712	118125.049627255	1	469	0
1.01568354083144	118125.125639279	1	470	0
0.0175155505731508	118125.201651303	1	471	0
1.88712810232089	118125.277663327	1	472	0
1.84415497680505	118125.353675351	1	473	0
1.60351953888312	118125.429687375	1	474	0
1.26906193331594	118125.505699399	1	475	0
1.33557114228606	118125.581711423	1	476	0
2.41869453181114	118125.657723447	1	477	0
3.81458569285662	118125.733735471	1	478	0
0.46315581974436	118125.809747495	1	479	0
1.61519038081169	118125.885759519	1	480	0
5.04835311648173	118125.961771543	1	481	0
7.31342685222626	118126.037783567	1	482	0
8.84386163690816	118126.113795591	1	483	0
2.67948595611822	118126.189807615	1	484	0
2.4593045740274	118126.265819639	1	485	0
0.230343038983205	118126.341831663	1	486	0
0.452267171753632	118126.417843687	1	487	0
0.917255563563422	118126.493855711	1	488	0
4.54085949725575	118126.569867735	1	489	0
3.04149038813732	118126.64587976	1	490	0
3.2517666910824	118126.721891784	1	491	0
4.41711008240437	118126.797903808	1	492	0
1.61683366596699	118126.873915832	1	493	0
5.97595190505187	118126.949927856	1	494	0
2.0686706746618	118127.02593988	1	495	0
2.99914113937744	118127.101951904	1	496	0
2.47129553235045	118127.177963928	1	497	0
3	118089.45	2	501	3
0.334876649338624	118089.526144289	2	502	3
6.45163857126061	118089.602288577	2	503	3
1.08363897620507	118089.678432866	2	504	3
5.86449088652929	118089.754577154	2	505	3
8.71142284274101	118089.830721443	2	506	3
2.70263604132029	118089.906865731	2	507	3
0.0761232610413994	118089.98301002	2	508	3
0.352008364554765	118090.059154309	2	509	3
0.62789346812212	118090.135298597	2	510	3
0.903778571635485	118090.211442886	2	511	3
1.71003979780305	118090.287587174	2	512	3
0.0810191812259811	118090.363731463	2	513	3
0.179746354039568	118090.439875752	2	514	3
0.365012262968251	118090.51602004	2	515	3
0.55027817193319	118090.592164329	2	516	3
0.735544080861874	118090.668308617	2	517	3
0.920809989826813	118090.744452906	2	518	3
0.559624299105972	118090.820597194	2	519	3
2.05269694328308	118090.896741483	2	520	3
2.59610129350966	118090.972885772	2	521	3
0.194026942675312	118091.04903006	2	522	3
7.94979432538936	118091.125174349	2	523	3
11.2085170339793	118091.201318637	2	524	3
0.458871230829594	118091.277462926	2	525	3
1.34426993530157	118091.353607214	2	526	3
4.12101622598787	118091.429751503	2	527	3
7.5173680682977	118091.505895792	2	528	3
3.06599866400162	118091.58204008	2	529	3
0.91052874991527	118091.658184369	2	530	3
2.10247417911887	118091.734328657	2	531	3
3.67508930874907	118091.810472946	2	532	3
1.47806250795405	118091.886617234	2	533	3
7.70802474605001	118091.962761523	2	534	3
5.08662780103358	118092.038905812	2	535	3
2.51799599170685	118092.1150501	2	536	3
1.30270798007647	118092.191194389	2	537	3
1.85258889856727	118092.267338677	2	538	3
0.0599293825881822	118092.343482966	2	539	3
0.420727168662207	118092.419627255	2	540	3
0.855837389060429	118092.495771543	2	541	3
1.70716432875229	118092.571915832	2	542	3
2.91714040326829	118092.64806012	2	543	3
1.53542378895423	118092.724204409	2	544	3
2.49630969253982	118092.800348697	2	545	3
1.08767535053194	118092.876492986	2	546	3
1.82976862815293	118092.952637275	2	547	3
0.582779594157872	118093.028781563	2	548	3
5.99536573141813	118093.104925852	2	549	3
10.8604828708229	118093.18107014	2	550	3
7.33416833675334	118093.257214429	2	551	3
0.222547659507165	118093.333358717	2	552	3
1.28187283656814	118093.409503006	2	553	3
1.18561567564805	118093.485647295	2	554	3
0.127915831655264	118093.561791583	2	555	3
0.889358717501164	118093.637935872	2	556	3
5.91894314947881	118093.71408016	2	557	3
6.6844889780879	118093.790224449	2	558	3
7.27977006647148	118093.866368738	2	559	3
1.09494665023443	118093.942513026	2	560	3
1.49388061836362	118094.018657315	2	561	3
1.90007287331603	118094.094801603	2	562	3
1.51086486700703	118094.170945892	2	563	3
2.69254873394966	118094.24709018	2	564	3
3.71172344684601	118094.323234469	2	565	3
4.93787575215101	118094.399378758	2	566	3
6.48012692046662	118094.475523046	2	567	3
6.81485192643272	118094.551667335	2	568	3
3.5239710188829	118094.627811623	2	569	3
3.82731176657336	118094.703955912	2	570	3
1.23824118822813	118094.7801002	2	571	3
1.6910487641063	118094.856244489	2	572	3
1.31348411100251	118094.932388778	2	573	3
2.02918336633593	118095.008533066	2	574	3
2.80523310770404	118095.084677355	2	575	3
8.62302382566311	118095.160821643	2	576	3
5.33522600763374	118095.236965932	2	577	3
11.9191109497439	118095.31311022	2	578	3
12.5424181694786	118095.389254509	2	579	3
6.87613321911721	118095.465398798	2	580	3
8.03879186936787	118095.541543086	2	581	3
6.94789579262336	118095.617687375	2	582	3
4.96633266508579	118095.693831663	2	583	3
0.750858860356467	118095.769975952	2	584	3
3.65144574855055	118095.846120241	2	585	3
2.02042974821395	118095.922264529	2	586	3
1.67802271205518	118095.998408818	2	587	3
4.63827655464411	118096.074553106	2	588	3
3.33947895765305	118096.150697395	2	589	3
1.42882486274008	118096.226841683	2	590	3
0.269729936051936	118096.302985972	2	591	3
0.874049686723285	118096.379130261	2	592	3
1.47836943727637	118096.455274549	2	593	3
2.19294143854468	118096.531418838	2	594	3
4.47834129803456	118096.607563126	2	595	3
1.61950567762057	118096.683707415	2	596	3
0.213509371701409	118096.759851703	2	597	3
9.81824254560651	118096.835995992	2	598	3
1.10448169098659	118096.912140281	2	599	3
1.8735175269549	118096.988284569	2	600	3
6.8980818774019	118097.064428858	2	601	3
13.138339178171	118097.140573146	2	602	3
5.8996290453571	118097.216717435	2	603	3
4.18460450277609	118097.292861723	2	604	3
4.66466265916824	118097.369006012	2	605	3
7.02732738310641	118097.445150301	2	606	3
8.95791583188943	118097.521294589	2	607	3
10.2055539659091	118097.597438878	2	608	3
1.60626252517104	118097.673583166	2	609	3
1.53481430940806	118097.749727455	2	610	3
1.95821272167895	118097.825871744	2	611	3
9.14056684715407	118097.902016032	2	612	3
16.3613226453463	118097.978160321	2	613	3
3.19868307879993	118098.054304609	2	614	3
0.0915911823511124	118098.130448898	2	615	3
0.700745491027832	118098.206593186	2	616	3
1.65656737200284	118098.282737475	2	617	3
0.743417870124866	118098.358881764	2	618	3
3.5004824463416	118098.435026052	2	619	3
5.09058116248676	118098.511170341	2	620	3
4.64044756193956	118098.587314629	2	621	3
7.49758340243031	118098.663458918	2	622	3
13.400801602751	118098.739603206	2	623	3
19.1494989991188	118098.815747495	2	624	3
29.5270541086793	118098.891891784	2	625	3
22.3213092833757	118098.968036072	2	626	3
12.3180360719562	118099.044180361	2	627	3
18.4415497680505	118099.120324649	2	628	3
27.9517216248946	118099.196468938	2	629	3
8.19338677078486	118099.272613226	2	630	3
1.13519346370147	118099.348757515	2	631	3
4.31396971171415	118099.424901804	2	632	3
4.93964852793859	118099.501046092	2	633	3
0.616476195486816	118099.577190381	2	634	3
0.683777812008674	118099.653334669	2	635	3
1.44311700302821	118099.729478958	2	636	3
1.19136231651112	118099.805623247	2	637	3
3.41437420282852	118099.881767535	2	638	3
4.92919171684318	118099.957911824	2	639	3
6.34580271773868	118100.034056112	2	640	3
12.835317694089	118100.110200401	2	641	3
9.62066991201469	118100.186344689	2	642	3
17.4889779537916	118100.262488978	2	643	3
14.3667334616184	118100.338633267	2	644	3
7.1018704076608	118100.414777555	2	645	3
9.05390781536698	118100.490921844	2	646	3
10.6167334672064	118100.567066132	2	647	3
8.80694723129273	118100.643210421	2	648	3
3.95907199038909	118100.719354709	2	649	3
1.8859473333547	118100.795498998	2	650	3
0.361389445584445	118100.871643287	2	651	3
1.62696967557602	118100.947787575	2	652	3
4.33260429480354	118101.023931864	2	653	3
7.10761523097754	118101.100076152	2	654	3
18.1110220439732	118101.176220441	2	655	3
13.9025193239961	118101.252364729	2	656	3
4.30605655743016	118101.328509018	2	657	3
3.23266533091664	118101.404653307	2	658	3
3.83488716573819	118101.480797595	2	659	3
3.60782170386025	118101.556941884	2	660	3
5.6523046096166	118101.633086172	2	661	3
3.78275231787792	118101.709230461	2	662	3
1.60416388329532	118101.78537475	2	663	3
3.26788460653882	118101.861519038	2	664	3
6.33311784844245	118101.937663327	2	665	3
4.02784880122234	118102.013807615	2	666	3
8.63319231073062	118102.089951904	2	667	3
3.17114228308201	118102.166096192	2	668	3
4.56012023985386	118102.242240481	2	669	3
5.42963976721938	118102.31838477	2	670	3
2.04069677797648	118102.394529058	2	671	3
2.57985536300618	118102.470673347	2	672	3
3.43180110212415	118102.546817635	2	673	3
9.60761522948742	118102.622961924	2	674	3
8.88298819876379	118102.699106212	2	675	3
3.86542315437244	118102.775250501	2	676	3
3.70642583865624	118102.85139479	2	677	3
2.98952450366183	118102.927539078	2	678	3
0.51737517594023	118103.003683367	2	679	3
1.77458620954443	118103.079827655	2	680	3
0.667186224350223	118103.155971944	2	681	3
0.534883099595706	118103.232116232	2	682	3
3.63365027910851	118103.308260521	2	683	3
3.24326914678449	118103.38440481	2	684	3
7.01861349808968	118103.460549098	2	685	3
8.26277555090686	118103.536693387	2	686	3
0.208892361087314	118103.612837675	2	687	3
0.215993715841093	118103.688981964	2	688	3
0.451006952167293	118103.765126253	2	689	3
0.686020188539485	118103.841270541	2	690	3
0.921033424865684	118103.91741483	2	691	3
4.42372244503349	118103.993559118	2	692	3
5.37711787223816	118104.069703407	2	693	3
0.752022563307374	118104.145847695	2	694	3
0.857038752792718	118104.221991984	2	695	3
5.65780617830888	118104.298136273	2	696	3
1.906479626894	118104.374280561	2	697	3
0.240357848818799	118104.45042485	2	698	3
0.500235966804085	118104.526569138	2	699	3
0.760114084840228	118104.602713427	2	700	3
1.07915831659291	118104.678857715	2	701	3
2.71991983950138	118104.755002004	2	702	3
2.5871743488091	118104.831146293	2	703	3
5.79433867707849	118104.907290581	2	704	3
5.84057002928522	118104.98343487	2	705	3
3.26315130246803	118105.059579158	2	706	3
2.24947935079827	118105.135723447	2	707	3
3.95591182510058	118105.211867735	2	708	3
3.88306023794062	118105.288012024	2	709	3
2.36919553386314	118105.364156313	2	710	3
1.49513661461632	118105.440300601	2	711	3
1.16558607419332	118105.51644489	2	712	3
1.62328503166254	118105.592589178	2	713	3
0.608341683633626	118105.668733467	2	714	3
1.89586866035675	118105.744877756	2	715	3
1.81994758737393	118105.821022044	2	716	3
1.76157871302631	118105.897166333	2	717	3
0.00590951725497575	118105.973310621	2	718	3
0.20065194326441	118106.04945491	2	719	3
0.395394369311955	118106.125599198	2	720	3
0.590136795321389	118106.201743487	2	721	3
0.784879221368934	118106.277887776	2	722	3
0.979621647378368	118106.354032064	2	723	3
1.6770988785206	118106.430176353	2	724	3
0.163761485297725	118106.506320641	2	725	3
0.655350701361895	118106.58246493	2	726	3
0.461270366673884	118106.658609218	2	727	3
1.46469862797321	118106.734753507	2	728	3
1.32530733097845	118106.810897796	2	729	3
2.39266411598885	118106.887042084	2	730	3
4.56272545158863	118106.963186373	2	731	3
6.30577822277943	118107.039330661	2	732	3
8.84749498963356	118107.11547495	2	733	3
8.1805005357709	118107.191619238	2	734	3
0.0789524253508816	118107.267763527	2	735	3
3.37656264929544	118107.343907816	2	736	3
7.38151302561164	118107.420052104	2	737	3
5.69608447672083	118107.496196393	2	738	3
2.74828903095902	118107.572340681	2	739	3
3.68937875702977	118107.64848497	2	740	3
4.93952611088753	118107.724629259	2	741	3
8.52486791800369	118107.800773547	2	742	3
6.45891783386469	118107.876917836	2	743	3
6.44173091953084	118107.953062124	2	744	3
3.57880045792886	118108.029206413	2	745	3
2.35834632234441	118108.105350701	2	746	3
1.6480284513722	118108.18149499	2	747	3
0.191731288705183	118108.257639279	2	748	3
1.05404748880502	118108.333783567	2	749	3
1.32943498932604	118108.409927856	2	750	3
0.0966612123158	118108.486072144	2	751	3
0.445946939768047	118108.562216433	2	752	3
0.795232667151941	118108.638360721	2	753	3
3.32382411904195	118108.71450501	2	754	3
4.74768584824744	118108.790649299	2	755	3
11.7660538463489	118108.866793587	2	756	3
3.37852848597935	118108.942937876	2	757	3
3.39174452811093	118109.019082164	2	758	3
4.2512393209495	118109.095226453	2	759	3
1.62124248473875	118109.171370741	2	760	3
5.18937875702977	118109.24751503	2	761	3
9.37118681768576	118109.323659319	2	762	3
8.005951296651	118109.399803607	2	763	3
1.51060014754011	118109.475947896	2	764	3
0.0648866360094033	118109.552092184	2	765	3
0.214189162645854	118109.628236473	2	766	3
0.363491689253087	118109.704380762	2	767	3
0.512794215889538	118109.78052505	2	768	3
0.662096742496771	118109.856669339	2	769	3
0.811399269133222	118109.932813627	2	770	3
0.960701795740455	118110.008957916	2	771	3
2.00262062595441	118110.085102204	2	772	3
3.93720774849256	118110.161246493	2	773	3
5.46700809012961	118110.237390782	2	774	3
3.04115924124534	118110.31353507	2	775	3
3.31297889877768	118110.389679359	2	776	3
3.44327941590122	118110.465823647	2	777	3
1.32264529168606	118110.541967936	2	778	3
4.55080373521815	118110.618112224	2	779	3
3.12536183496316	118110.694256513	2	780	3
4.17034068151757	118110.770400802	2	781	3
5.79542418196797	118110.84654509	2	782	3
4.40993097258939	118110.922689379	2	783	3
8.8939697579904	118110.998833667	2	784	3
9.35423788778922	118111.074977956	2	785	3
0.0213881215981177	118111.151122245	2	786	3
0.25004964883442	118111.227266533	2	787	3
0.478711176115471	118111.303410822	2	788	3
0.707372703351774	118111.37955511	2	789	3
0.936034230632825	118111.455699399	2	790	3
6.37771194525387	118111.531843687	2	791	3
6.50601202249527	118111.607987976	2	792	3
1.54412049920328	118111.684132265	2	793	3
2.34719438884746	118111.760276553	2	794	3
3.39382212686128	118111.836420842	2	795	3
5.3069079334245	118111.91256513	2	796	3
3.16933867707849	118111.988709419	2	797	3
0.722925851643085	118112.064853707	2	798	3
2.65199965108996	118112.140997996	2	799	3
6.25566923304608	118112.217142285	2	800	3
5.80945223818223	118112.293286573	2	801	3
0.149441740342549	118112.369430862	2	802	3
3.31570116967656	118112.44557515	2	803	3
1.23908281672833	118112.521719439	2	804	3
0.248518776634465	118112.597863727	2	805	3
1.07617408733653	118112.674008016	2	806	3
1.90382939787663	118112.750152305	2	807	3
2.56613226447787	118112.826296593	2	808	3
4.01296711055671	118112.902440882	2	809	3
3.01929440262706	118112.97858517	2	810	3
6.7040748160619	118113.054729459	2	811	3
5.8252505004406	118113.130873748	2	812	3
2.70909561072626	118113.207018036	2	813	3
1.72378904136216	118113.283162325	2	814	3
0.0111709906140695	118113.359306613	2	815	3
0.268415208805252	118113.435450902	2	816	3
0.525659426946092	118113.51159519	2	817	3
0.782903645137275	118113.587739479	2	818	3
1.15433464325094	118113.663883768	2	819	3
2.689253507182	118113.740028056	2	820	3
3.36650443758283	118113.816172345	2	821	3
0.598594779889268	118113.892316633	2	822	3
0.176799032331044	118113.968460922	2	823	3
0.685558198820509	118114.04460521	2	824	3
1.19431736521041	118114.120749499	2	825	3
1.70307653169988	118114.196893788	2	826	3
2.21183569808978	118114.273038076	2	827	3
2.72059486457925	118114.349182365	2	828	3
6.05125807126363	118114.425326653	2	829	3
9.52905811369419	118114.501470942	2	830	3
0.843893669764785	118114.57761523	2	831	3
0.124235225434335	118114.653759519	2	832	3
0.628502037154128	118114.729903808	2	833	3
1.57280274842467	118114.806048096	2	834	3
1.05857869592997	118114.882192385	2	835	3
0.91065056949127	118114.958336673	2	836	3
2.77997170826968	118115.034480962	2	837	3
0.744306795299053	118115.110625251	2	838	3
2.86431195731792	118115.186769539	2	839	3
3.22488455150438	118115.262913828	2	840	3
0.388100877210691	118115.339058116	2	841	3
0.209597276753351	118115.415202405	2	842	3
0.470365388293381	118115.491346693	2	843	3
0.731133499884442	118115.567490982	2	844	3
0.991901611424472	118115.643635271	2	845	3
4.13688916311814	118115.719779559	2	846	3
4.78059823369538	118115.795923848	2	847	3
1.64921146631241	118115.872068136	2	848	3
3.55958583851655	118115.948212425	2	849	3
0.560172977416139	118116.024356713	2	850	3
3.96252504996955	118116.100501002	2	851	3
7.39296775378964	118116.176645291	2	852	3
8.3379390365199	118116.252789579	2	853	3
6.06271366249113	118116.328933868	2	854	3
5.58259375819138	118116.405078156	2	855	3
3.51850367387136	118116.481222445	2	856	3
4.81631347790678	118116.557366733	2	857	3
11.8967346456998	118116.633511022	2	858	3
13.4061456239886	118116.709655311	2	859	3
2.88006011992693	118116.785799599	2	860	3
0.686070936990071	118116.861943888	2	861	3
3.89705727249384	118116.938088176	2	862	3
2.51163195980632	118117.014232465	2	863	3
0.28349381685257	118117.090376754	2	864	3
0.252035320620053	118117.166521042	2	865	3
0.549473947903607	118117.242665331	2	866	3
0.846912575128954	118117.318809619	2	867	3
1.40608689909453	118117.394953908	2	868	3
0.856063775963836	118117.471098196	2	869	3
0.0193133519573526	118117.547242485	2	870	3
0.70176201454311	118117.623386774	2	871	3
1.63615803037371	118117.699531062	2	872	3
0.71484998991524	118117.775675351	2	873	3
0.321835671365261	118117.851819639	2	874	3
1.23556713420153	118117.927963928	2	875	3
2.14929859721661	118118.004108216	2	876	3
3.13467961549759	118118.080252505	2	877	3
6.466488532722	118118.156396794	2	878	3
6.32191655988043	118118.232541082	2	879	3
2.08025574967975	118118.308685371	2	880	3
1.91674653667471	118118.384829659	2	881	3
2.89913159658512	118118.460973948	2	882	3
1.77955911681056	118118.537118236	2	883	3
3.77932788660893	118118.613262525	2	884	3
4.85516487468373	118118.689406814	2	885	3
4.80271654410495	118118.765551102	2	886	3
4.17896257618139	118118.841695391	2	887	3
0.734560029073195	118118.917839679	2	888	3
0.920160320699215	118118.993983968	2	889	3
0.158717434853315	118119.070128257	2	890	3
4.31312625234326	118119.146272545	2	891	3
6.54168336689472	118119.222416834	2	892	3
8.89476095097406	118119.298561122	2	893	3
5.02214819250943	118119.374705411	2	894	3
5.69653593110187	118119.450849699	2	895	3
2.61747023463249	118119.526993988	2	896	3
2.07530851191596	118119.603138277	2	897	3
1.74456605515801	118119.679282565	2	898	3
2.12358049352964	118119.755426854	2	899	3
5.27818795489637	118119.831571142	2	900	3
7.4476953903834	118119.907715431	2	901	3
6.57393358142248	118119.983859719	2	902	3
0.959959919899702	118120.060004008	2	903	3
0.198517034053803	118120.136148297	2	904	3
3.63384268544614	118120.212292585	2	905	3
2.81229124963284	118120.288436874	2	906	3
3.66933867754415	118120.364581162	2	907	3
5.12090848386288	118120.440725451	2	908	3
13.7394789457321	118120.516869739	2	909	3
9.77933645082845	118120.593014028	2	910	3
6.39890306913539	118120.669158317	2	911	3
11.5617388624411	118120.745302605	2	912	3
3.90864081067197	118120.821446894	2	913	3
4.48141738027334	118120.897591182	2	914	3
6.57671865496946	118120.973735471	2	915	3
14.6174849700183	118121.04987976	2	916	3
13.6280060112476	118121.126024048	2	917	3
11.3052772209048	118121.202168337	2	918	3
14.6054609222338	118121.278312625	2	919	3
2.13181201104195	118121.354456914	2	920	3
0.150707211615383	118121.430601202	2	921	3
1.46101091073619	118121.506745491	2	922	3
13.2535470926762	118121.58288978	2	923	3
16.9829659312964	118121.659034068	2	924	3
15.4949899826731	118121.735178357	2	925	3
2.20395629973181	118121.811322645	2	926	3
4.58884435643752	118121.887466934	2	927	3
4.86729013588693	118121.963611222	2	928	3
3.22962591797113	118122.039755511	2	929	3
21.0999141143901	118122.1158998	2	930	3
32.0220440849662	118122.192044088	2	931	3
38.6038744151592	118122.268188377	2	932	3
43.3326653242111	118122.344332665	2	933	3
47.2384769544005	118122.420476954	2	934	3
99.6212424784899	118122.496621242	2	935	3
77.58851035436	118122.572765531	2	936	3
41.9699398775895	118122.64890982	2	937	3
43.3152972608805	118122.725054108	2	938	3
26.0670229362117	118122.801198397	2	939	3
14.1142284572124	118122.877342685	2	940	3
22.6753507057826	118122.953486974	2	941	3
20.684368737042	118123.029631263	2	942	3
41.1775551095605	118123.105775551	2	943	3
91.7595190405846	118123.18191984	2	944	3
116.128256499767	118123.258064128	2	945	3
77.1873747482896	118123.334208417	2	946	3
39.9118236489594	118123.410352705	2	947	3
27.3757515028119	118123.486496994	2	948	3
21.5801603198051	118123.562641283	2	949	3
16.2856824762291	118123.638785571	2	950	3
25.1783567145467	118123.71492986	2	951	3
22.0774275823073	118123.791074148	2	952	3
14.7815631330013	118123.867218437	2	953	3
4.44630169428208	118123.943362725	2	954	3
1.55450030481038	118124.019507014	2	955	3
3.95649363244734	118124.095651303	2	956	3
1.74130614189541	118124.171795591	2	957	3
2.60240480959415	118124.24793988	2	958	3
3.30800731868848	118124.324084168	2	959	3
8.21319562196732	118124.400228457	2	960	3
6.29617129030981	118124.476372745	2	961	3
5.22987641952932	118124.552517034	2	962	3
3.09539078176022	118124.628661323	2	963	3
13.5427778638326	118124.704805611	2	964	3
21.0811623185873	118124.7809499	2	965	3
12.423513693942	118124.857094188	2	966	3
2.27336153801945	118124.933238477	2	967	3
3.48071142286062	118125.009382766	2	968	3
6.49899799625079	118125.085527054	2	969	3
0.741260298424297	118125.161671343	2	970	3
2.31822905082394	118125.237815631	2	971	3
9.61998998001218	118125.31395992	2	972	3
7.11663327217102	118125.390104208	2	973	3
15.8938483026895	118125.466248497	2	974	3
5.98871426990158	118125.542392786	2	975	3
9.43286573141813	118125.618537074	2	976	3
4.98422932883968	118125.694681363	2	977	3
3.34783853420189	118125.770825651	2	978	3
5.36226999421011	118125.84696994	2	979	3
5.82360372919103	118125.923114228	2	980	3
0.471906776781435	118125.999258517	2	981	3
2.09020238279641	118126.075402806	2	982	3
3.9709418836236	118126.151547094	2	983	3
7.77160571143031	118126.227691383	2	984	3
1.28445125502699	118126.303835671	2	985	3
6.72636181454767	118126.37997996	2	986	3
4.96252505034208	118126.456124249	2	987	3
9.93959347265107	118126.532268537	2	988	3
8.79893119633198	118126.608412826	2	989	3
1.69319591564792	118126.684557114	2	990	3
3.34660432007578	118126.760701403	2	991	3
2	118089.455	3	1001	12
1.99705292941893	118089.5308998	3	1002	12
7.53331663335363	118089.606799599	3	1003	12
5.74702345886651	118089.682699399	3	1004	12
4.17148582850184	118089.758599198	3	1005	12
1.59528580946582	118089.834498998	3	1006	12
0.119113226475961	118089.910398798	3	1007	12
0.39815660735921	118089.986298597	3	1008	12
0.677199988187674	118090.062198397	3	1009	12
0.956243369070923	118090.138098196	3	1010	12
2.56454845181396	118090.213997996	3	1011	12
2.15251555725148	118090.289897796	3	1012	12
3.78828244729369	118090.365797595	3	1013	12
2.3669561346372	118090.441697395	3	1014	12
1.78356713429093	118090.517597194	3	1015	12
2.22326796448657	118090.593496994	3	1016	12
0.352668974345381	118090.669396794	3	1017	12
2.54578601651722	118090.745296593	3	1018	12
0.77813160562352	118090.821196393	3	1019	12
1.41272288178786	118090.897096192	3	1020	12
3.21063178973763	118090.972995992	3	1021	12
0.535981053655798	118091.048895792	3	1022	12
1.86336086799459	118091.124795591	3	1023	12
3.6193791091965	118091.200695391	3	1024	12
1.05853373433153	118091.27659519	3	1025	12
2.88422999817591	118091.35249499	3	1026	12
2.85350701411565	118091.42839479	3	1027	12
2.19605878430108	118091.504294589	3	1028	12
5.32264529053982	118091.580194389	3	1029	12
7.31493756748163	118091.656094188	3	1030	12
5.65697108507156	118091.731993988	3	1031	12
6.02124248445034	118091.807893788	3	1032	12
3.6402137607336	118091.883793587	3	1033	12
3.02780028131414	118091.959693387	3	1034	12
6.45681839897519	118092.035593186	3	1035	12
4.86427400193431	118092.111492986	3	1036	12
1.50397090503463	118092.187392786	3	1037	12
1.78585170328617	118092.263292585	3	1038	12
2.75961923822761	118092.339192385	3	1039	12
4.01152304559946	118092.415092184	3	1040	12
0.126002004370093	118092.490991984	3	1041	12
3.87686484058698	118092.566891784	3	1042	12
1.57887202980263	118092.642791583	3	1043	12
3.93107047428687	118092.718691383	3	1044	12
0.571017034041385	118092.794591182	3	1045	12
0.545090180337429	118092.870490982	3	1046	12
0.277802358006502	118092.946390782	3	1047	12
1.49489222357913	118093.022290581	3	1048	12
1.42935050437685	118093.098190381	3	1049	12
3.73633934557438	118093.17409018	3	1050	12
1.25125250592828	118093.24998998	3	1051	12
0.434552272800172	118093.32588978	3	1052	12
1.53684511865888	118093.401789579	3	1053	12
4.29503451370531	118093.477689379	3	1054	12
3.15891783535481	118093.553589178	3	1055	12
3.64028056105599	118093.629488978	3	1056	12
2.34596465663476	118093.705388778	3	1057	12
2.33221442885697	118093.781288577	3	1058	12
0.60050535849903	118093.857188377	3	1059	12
0.161267990531859	118093.933088176	3	1060	12
0.358410327155869	118094.008987976	3	1061	12
0.555552663779878	118094.084887776	3	1062	12
0.752695000403887	118094.160787575	3	1063	12
0.949837337027897	118094.236687375	3	1064	12
1.95910465010142	118094.312587174	3	1065	12
0.422638380321963	118094.388486974	3	1066	12
0.372367924214273	118094.464386774	3	1067	12
0.922366472042125	118094.540286573	3	1068	12
2.70751759925714	118094.616186373	3	1069	12
11.7390781561534	118094.692086172	3	1070	12
5.996492985636	118094.767985972	3	1071	12
2.66320519826629	118094.843885772	3	1072	12
4.05611222450222	118094.919785571	3	1073	12
4.9713973402977	118094.995685371	3	1074	12
2.27074148282409	118095.07158517	3	1075	12
0.101931135085496	118095.14748497	3	1076	12
2.59034347776757	118095.22338477	3	1077	12
2.05838950655677	118095.299284569	3	1078	12
1.16623490867091	118095.375184369	3	1079	12
2.09473492408341	118095.451084168	3	1080	12
4.94199938327074	118095.526983968	3	1081	12
5.79753624910817	118095.602883768	3	1082	12
4.69071476327048	118095.678783567	3	1083	12
5.88819305288295	118095.754683367	3	1084	12
0.892368069539467	118095.830583166	3	1085	12
1.08099920770457	118095.906482966	3	1086	12
2.79092968546826	118095.982382766	3	1087	12
1.72705410818259	118096.058282565	3	1088	12
1.7121325985839	118096.134182365	3	1089	12
2.30552013128093	118096.210082164	3	1090	12
2.25687271967912	118096.285981964	3	1091	12
3.09388006793765	118096.361881764	3	1092	12
3.35504342036115	118096.437781563	3	1093	12
3.01892674217621	118096.513681363	3	1094	12
2.46271854073837	118096.589581162	3	1095	12
4.17993129151208	118096.665480962	3	1096	12
3.6641704463645	118096.741380762	3	1097	12
3.76753506995738	118096.817280561	3	1098	12
8.61803607195616	118096.893180361	3	1099	12
6.81453816728158	118096.96908016	3	1100	12
1.90571619428339	118097.04497996	3	1101	12
1.16779901269006	118097.12087976	3	1102	12
3.36881763517857	118097.196779559	3	1103	12
2.59433151994433	118097.272679359	3	1104	12
2.56138944526513	118097.348579158	3	1105	12
3.96180239274646	118097.424478958	3	1106	12
5.62163215337528	118097.500378758	3	1107	12
1.24592041330678	118097.576278557	3	1108	12
2.21189044713974	118097.652178357	3	1109	12
5.47119238460437	118097.728078156	3	1110	12
2.41574816281597	118097.803977956	3	1111	12
8.4694388769567	118097.879877756	3	1112	12
11.5982734698516	118097.955777555	3	1113	12
9.44355377430717	118098.031677355	3	1114	12
1.68425222538238	118098.107577154	3	1115	12
1.19842248601027	118098.183476954	3	1116	12
1.33767535090446	118098.259376754	3	1117	12
7.21275885154804	118098.335276553	3	1118	12
7.50415116122791	118098.411176353	3	1119	12
10.6582052989139	118098.487076152	3	1120	12
5.30120240449905	118098.562975952	3	1121	12
2.68047205441528	118098.638875752	3	1122	12
1.69388777390122	118098.714775551	3	1123	12
4.34958441482216	118098.790675351	3	1124	12
3.97344689350575	118098.86657515	3	1125	12
5.2625250518322	118098.94247495	3	1126	12
4.13747494965792	118099.01837475	3	1127	12
3.18136272579432	118099.094274549	3	1128	12
1.74818386773889	118099.170174349	3	1129	12
0.00142592879442068	118099.246074148	3	1130	12
2.01498381380851	118099.321973948	3	1131	12
1.96359385425846	118099.397873748	3	1132	12
1.95951903814619	118099.473773547	3	1133	12
2.94719597933784	118099.549673347	3	1134	12
4.59552438308795	118099.625573146	3	1135	12
6.85529392088453	118099.701472946	3	1136	12
2.41082164361363	118099.777372745	3	1137	12
2.45105595829395	118099.853272545	3	1138	12
2.3550434200852	118099.929172345	3	1139	12
2.35198969393969	118100.005072144	3	1140	12
4.99198396716799	118100.080971944	3	1141	12
7.72797769437666	118100.156871744	3	1142	12
15.4856379429499	118100.232771543	3	1143	12
6.83216432854533	118100.308671343	3	1144	12
8.62734163973643	118100.384571142	3	1145	12
4.0724525978932	118100.460470942	3	1146	12
9.54634268581867	118100.536370741	3	1147	12
6.87646722048521	118100.612270541	3	1148	12
4.45425851717591	118100.688170341	3	1149	12
1.95687207734833	118100.76407014	3	1150	12
0.303024654125058	118100.83996994	3	1151	12
1.57467108122681	118100.915869739	3	1152	12
5.19238476827741	118100.991769539	3	1153	12
5.60768596039099	118101.067669339	3	1154	12
2.39615594832735	118101.143569138	3	1155	12
0.129944098623175	118101.219468938	3	1156	12
1.69845573498922	118101.295368737	3	1157	12
2.87868043780327	118101.371268537	3	1158	12
5.23724371825273	118101.447168337	3	1159	12
6.7210785204714	118101.523068136	3	1160	12
6.50178134027455	118101.598967936	3	1161	12
7.36529058098793	118101.674867735	3	1162	12
1.62324649244547	118101.750767535	3	1163	12
1.44448897838593	118101.826667335	3	1164	12
5.05671342611313	118101.902567134	3	1165	12
4.5739772228933	118101.978466934	3	1166	12
1.2763861057659	118102.054366733	3	1167	12
3.26933867752552	118102.130266533	3	1168	12
2.32409262988302	118102.206166333	3	1169	12
0.665708228081897	118102.282066132	3	1170	12
0.237824856052323	118102.357965932	3	1171	12
0.840204217959018	118102.433865731	3	1172	12
0.425097617906394	118102.509765531	3	1173	12
0.201542620135601	118102.585665331	3	1174	12
0.64282052478818	118102.66156513	3	1175	12
3.04883099546035	118102.73746493	3	1176	12
7.87294589281082	118102.813364729	3	1177	12
5.71075484404961	118102.889264529	3	1178	12
6.91783566772938	118102.965164329	3	1179	12
6.6720106874903	118103.041064128	3	1180	12
3.13989089305202	118103.116963928	3	1181	12
5.70622726943758	118103.192863727	3	1182	12
1.05085847365695	118103.268763527	3	1183	12
3.33291583135724	118103.344663327	3	1184	12
7.80160320647385	118103.420563126	3	1185	12
4.25097563549092	118103.496462926	3	1186	12
2.35031037686802	118103.572362725	3	1187	12
2.22805611226294	118103.648262525	3	1188	12
1.81725355486075	118103.724162325	3	1189	12
3.00517702102661	118103.800062124	3	1190	12
3.07985201134132	118103.875961924	3	1191	12
1.21839757935674	118103.951861723	3	1192	12
2.63730794911583	118104.027761523	3	1193	12
0.073083667550236	118104.103661323	3	1194	12
3.85365467793063	118104.179561122	3	1195	12
1.80604687657045	118104.255460922	3	1196	12
0.0895123581091563	118104.331360721	3	1197	12
1.92808694306474	118104.407260521	3	1198	12
3.14504007995129	118104.483160321	3	1199	12
7.96993988007307	118104.55906012	3	1200	12
1.80133600533009	118104.63495992	3	1201	12
0.492963949893857	118104.710859719	3	1202	12
1.78314523791012	118104.786759519	3	1203	12
2.83830518169063	118104.862659319	3	1204	12
0.0601659159035425	118104.938559118	3	1205	12
0.492643406503221	118105.014458918	3	1206	12
0.925120897102899	118105.090358717	3	1207	12
1.35759838761767	118105.166258517	3	1208	12
1.79007587821735	118105.242158317	3	1209	12
4.00200400784098	118105.318058116	3	1210	12
6.08708325705745	118105.393957916	3	1211	12
3.19475314292041	118105.469857715	3	1212	12
1.55988166800567	118105.545757515	3	1213	12
2.81039351428097	118105.621657315	3	1214	12
5.32103095079462	118105.697557114	3	1215	12
3.44569138288498	118105.773456914	3	1216	12
3.71974718685334	118105.849356713	3	1217	12
9.40862677731211	118105.925256513	3	1218	12
4.55255966498093	118106.001156313	3	1219	12
6.78170626929828	118106.077056112	3	1220	12
5.76729930411367	118106.152955912	3	1221	12
4.91564948111773	118106.228855711	3	1222	12
3.93704074869553	118106.304755511	3	1223	12
0.0840430865064263	118106.380655311	3	1224	12
1.7111064233278	118106.45655511	3	1225	12
3.35228790901601	118106.53245491	3	1226	12
2.49604870125933	118106.608354709	3	1227	12
4.5958069987022	118106.684254509	3	1228	12
4.218899337145	118106.760154309	3	1229	12
5.10509908696016	118106.836054108	3	1230	12
8.53640614549319	118106.911953908	3	1231	12
5.07314629107714	118106.987853707	3	1232	12
4.01369405455059	118107.063753507	3	1233	12
1.51459676067571	118107.139653307	3	1234	12
1.42616576445636	118107.215553106	3	1235	12
1.74215096980333	118107.291452906	3	1236	12
3.69550866458346	118107.367352705	3	1237	12
3.5141982076303	118107.443252505	3	1238	12
3.7595190377906	118107.519152305	3	1239	12
2.51947373022204	118107.595052104	3	1240	12
2.5645576864481	118107.670951904	3	1241	12
2.28517034053803	118107.746851703	3	1242	12
5.75003067358416	118107.822751503	3	1243	12
1.69768107646988	118107.898651303	3	1244	12
0.434984254198415	118107.974551102	3	1245	12
0.92756942461948	118108.050450902	3	1246	12
3.23933581475701	118108.126350701	3	1247	12
4.17306407674765	118108.202250501	3	1248	12
0.805699117481709	118108.278150301	3	1249	12
0.139911401690098	118108.3540501	3	1250	12
0.280139718657342	118108.4299499	3	1251	12
0.634811679406144	118108.505849699	3	1252	12
0.989483640154945	118108.581749499	3	1253	12
6.50710945682866	118108.657649299	3	1254	12
5.15318136289716	118108.733549098	3	1255	12
4.14222194394097	118108.809448898	3	1256	12
2.09033451515895	118108.885348697	3	1257	12
1.4403433733022	118108.961248497	3	1258	12
1.68654381938097	118109.037148297	3	1259	12
2.45240480974317	118109.113048096	3	1260	12
3.64739478975534	118109.188947896	3	1261	12
2.06371363432243	118109.264847695	3	1262	12
5.91522330365011	118109.340747495	3	1263	12
2.27620458278967	118109.416647295	3	1264	12
1.8113226454705	118109.492547094	3	1265	12
2.59118236494916	118109.568446894	3	1266	12
2.01555491948412	118109.644346693	3	1267	12
1.20531539264179	118109.720246493	3	1268	12
3.51462925821543	118109.796146293	3	1269	12
10.6230794924001	118109.872046092	3	1270	12
4.47377107160933	118109.947945892	3	1271	12
5.49357047428687	118110.023845691	3	1272	12
4.25450901687145	118110.099745491	3	1273	12
5.65012075427251	118110.175645291	3	1274	12
6.27254509180784	118110.25154509	3	1275	12
5.22542227336339	118110.32744489	3	1276	12
5.6876105157768	118110.403344689	3	1277	12
7.48897796869278	118110.479244489	3	1278	12
6.6019896934075	118110.555144289	3	1279	12
8.02519323996135	118110.631044088	3	1280	12
8.83645067943467	118110.706943888	3	1281	12
4.72545090211289	118110.782843687	3	1282	12
2.08550434311231	118110.858743487	3	1283	12
3.31210246584986	118110.934643287	3	1284	12
0.885710815588633	118111.010543086	3	1285	12
1.93809841904375	118111.086442886	3	1286	12
3.45494835823774	118111.162342685	3	1287	12
1.0517376216083	118111.238242485	3	1288	12
1.9773449338064	118111.314142285	3	1289	12
4.86526386092107	118111.390042084	3	1290	12
3.42442026947226	118111.465941884	3	1291	12
3.49076531424716	118111.541841683	3	1292	12
1.07256179054578	118111.617741483	3	1293	12
2.55896793603897	118111.693641283	3	1294	12
2.17941438448098	118111.769541082	3	1295	12
0.509311305313576	118111.845440882	3	1296	12
3.66758516989648	118111.921340681	3	1297	12
6.32753005996347	118111.997240481	3	1298	12
4.74298597201705	118112.073140281	3	1299	12
1.45999691692682	118112.14904008	3	1300	12
0.499472629474966	118112.22493988	3	1301	12
1.58873998001218	118112.300839679	3	1302	12
4.13488515485556	118112.376739479	3	1303	12
1.64261857072512	118112.452639279	3	1304	12
5.36592103138163	118112.528539078	3	1305	12
3.24178792341896	118112.604438878	3	1306	12
2.19032350395407	118112.680338677	3	1307	12
1.80224337573681	118112.756238477	3	1308	12
1.89249086415066	118112.832138277	3	1309	12
0.99619238525629	118112.908038076	3	1310	12
1.77054108210972	118112.983937876	3	1311	12
1.35135488374078	118113.059837675	3	1312	12
2.92109218426049	118113.135737475	3	1313	12
4.26549098193645	118113.211637275	3	1314	12
2.37274549099115	118113.287537074	3	1315	12
2.35740230465308	118113.363436874	3	1316	12
1.30886162563068	118113.439336673	3	1317	12
0.0884885919246052	118113.515236473	3	1318	12
0.303502188525862	118113.591136273	3	1319	12
0.518515785127118	118113.667036072	3	1320	12
0.733529381728375	118113.742935872	3	1321	12
0.948542978287419	118113.818835671	3	1322	12
1.63445572456816	118113.894735471	3	1323	12
2.47156813616554	118113.970635271	3	1324	12
2.07324649319053	118114.04653507	3	1325	12
1.14266032073647	118114.12243487	3	1326	12
0.67224448894461	118114.198334669	3	1327	12
1.65321688153851	118114.274234469	3	1328	12
1.05092538016684	118114.350134269	3	1329	12
1.1121962234168	118114.426034068	3	1330	12
2.33940608494661	118114.501933868	3	1331	12
4.65473804729326	118114.577833667	3	1332	12
4.33029695735736	118114.653733467	3	1333	12
1.42576061189175	118114.729633267	3	1334	12
1.91354584158398	118114.805533066	3	1335	12
2.49708111908125	118114.881432866	3	1336	12
1.61495404613429	118114.957332665	3	1337	12
1.09819639308585	118115.033232465	3	1338	12
6.98346693441272	118115.109132265	3	1339	12
5.84798167858805	118115.185032064	3	1340	12
6.4063841970194	118115.260931864	3	1341	12
2.15717799233442	118115.336831663	3	1342	12
1.92685370743275	118115.412731463	3	1343	12
1.76587658075766	118115.488631263	3	1344	12
4.44967901908745	118115.564531062	3	1345	12
1.19060342924462	118115.640430862	3	1346	12
2.2565130258982	118115.716330661	3	1347	12
1.41015364229679	118115.792230461	3	1348	12
9.40868403514226	118115.868130261	3	1349	12
12.5075150318444	118115.94403006	3	1350	12
5.4238800185342	118116.01992986	3	1351	12
2.17234468956788	118116.095829659	3	1352	12
3.20440881792456	118116.171729459	3	1353	12
3.66292585134506	118116.247629259	3	1354	12
9.93497521351827	118116.323529058	3	1355	12
10.587285682559	118116.399428858	3	1356	12
5.53426853716374	118116.475328657	3	1357	12
7.70988130110961	118116.551228457	3	1358	12
4.35197668048469	118116.627128257	3	1359	12
2.21328371018171	118116.703028056	3	1360	12
2.00515316320317	118116.778927856	3	1361	12
2.52978684685447	118116.854827655	3	1362	12
3.58943693820507	118116.930727455	3	1363	12
3.66898502847728	118117.006627255	3	1364	12
5.83633934458097	118117.082527054	3	1365	12
10.0521042089571	118117.158426854	3	1366	12
3.16332665085793	118117.234326653	3	1367	12
5.52830661274493	118117.310226453	3	1368	12
8.1898612037853	118117.386126253	3	1369	12
4.72490435432304	118117.462026052	3	1370	12
3.12962767638658	118117.537925852	3	1371	12
4.61162324647109	118117.613825651	3	1372	12
5.25490981936455	118117.689725451	3	1373	12
1.86523046088405	118117.765625251	3	1374	12
1.26875178941659	118117.84152505	3	1375	12
1.23021042077906	118117.91742485	3	1376	12
1.62446999267528	118117.993324649	3	1377	12
1.72244489043951	118118.069224449	3	1378	12
1.5038827653043	118118.145124249	3	1379	12
3.10843224892249	118118.221024048	3	1380	12
3.10775837344783	118118.296923848	3	1381	12
6.18236472904682	118118.372823647	3	1382	12
5.92021543066949	118118.448723447	3	1383	12
1.21310803429647	118118.524623247	3	1384	12
1.72072959476608	118118.600523046	3	1385	12
8.91754938449178	118118.676422846	3	1386	12
3.85303941203488	118118.752322645	3	1387	12
3.57357959167377	118118.828222445	3	1388	12
4.07014028076082	118118.904122245	3	1389	12
10.6327391627588	118118.980022044	3	1390	12
3.51953907683492	118119.055921844	3	1391	12
4.44585946106142	118119.131821643	3	1392	12
6.56963927671313	118119.207721443	3	1393	12
4.85309749906478	118119.283621243	3	1394	12
5.16146578852619	118119.359521042	3	1395	12
2.02895791605115	118119.435420842	3	1396	12
2.5582469287126	118119.511320641	3	1397	12
3.23162992671132	118119.587220441	3	1398	12
2.01188864216611	118119.663120241	3	1399	12
4.35090961142794	118119.73902004	3	1400	12
3.1922177688943	118119.81491984	3	1401	12
4.21309285362562	118119.890819639	3	1402	12
3.05335671330492	118119.966719439	3	1403	12
1.30706240069763	118120.042619238	3	1404	12
1.96137101794111	118120.118519038	3	1405	12
5.90214912541981	118120.194418838	3	1406	12
4.37462804353598	118120.270318637	3	1407	12
2.1209375275218	118120.346218437	3	1408	12
1.02662467779148	118120.422118236	3	1409	12
1.39624075745714	118120.498018036	3	1410	12
1.57462292988049	118120.573917836	3	1411	12
4.40906813616554	118120.649817635	3	1412	12
3.73130260527134	118120.725717435	3	1413	12
7.43112540872474	118120.801617234	3	1414	12
1.24148296564817	118120.877517034	3	1415	12
1.37409601814073	118120.953416834	3	1416	12
2.41266533076763	118121.029316633	3	1417	12
4.3679667023512	118121.105216433	3	1418	12
2.70541082322598	118121.181116232	3	1419	12
3.90032064139843	118121.257016032	3	1420	12
7.94388778011004	118121.332915832	3	1421	12
11.6196028414098	118121.408815631	3	1422	12
8.28456914424896	118121.484715431	3	1423	12
5.61537360399962	118121.56061523	3	1424	12
6.41017749799149	118121.63651503	3	1425	12
5.25283901145061	118121.71241483	3	1426	12
2.01958202123642	118121.788314629	3	1427	12
4.65180360712111	118121.864214429	3	1428	12
10.3678607214242	118121.940114228	3	1429	12
3.544179267504	118122.016014028	3	1430	12
2.81162324658147	118122.091913828	3	1431	12
7.25424181719621	118122.167813627	3	1432	12
9.92211696099151	118122.243713427	3	1433	12
7.04297483795219	118122.319613226	3	1434	12
15.8376753528913	118122.395513026	3	1435	12
22.4311957259973	118122.471412826	3	1436	12
30.828156311065	118122.547312625	3	1437	12
32.1062124222517	118122.623212425	3	1438	12
45.1683366671205	118122.699112224	3	1439	12
49.3353373408318	118122.775012024	3	1440	12
38.1813627257943	118122.850911824	3	1441	12
46.1087174341083	118122.926811623	3	1442	12
64.0721442885697	118123.002711423	3	1443	12
34.3887775540352	118123.078611222	3	1444	12
31.5110220462084	118123.154511022	3	1445	12
29.5178356707096	118123.230410822	3	1446	12
31.7702070822318	118123.306310621	3	1447	12
22.2982631921768	118123.382210421	3	1448	12
16.8897795528173	118123.45811022	3	1449	12
15.9974949881434	118123.53401002	3	1450	12
16.2728313761098	118123.60990982	3	1451	12
5.69839679449797	118123.685809619	3	1452	12
4.55866278030656	118123.761709419	3	1453	12
13.719539078325	118123.837609218	3	1454	12
3.94909819662571	118123.913509018	3	1455	12
8.0741482965256	118123.989408818	3	1456	12
5.26076543331146	118124.065308617	3	1457	12
2.42331038890541	118124.141208417	3	1458	12
3.00470506237901	118124.217108216	3	1459	12
5.85685657017997	118124.293008016	3	1460	12
1.47425285370454	118124.368907816	3	1461	12
2.56730126962066	118124.444807615	3	1462	12
3.94124612889507	118124.520707415	3	1463	12
5.39879759401083	118124.596607214	3	1464	12
7.50233800709248	118124.672507014	3	1465	12
6.94099309709337	118124.748406814	3	1466	12
3.60888443514705	118124.824306613	3	1467	12
3.10550512811717	118124.900206413	3	1468	12
2.32448229814569	118124.976106212	3	1469	12
0.258517034094909	118125.052006012	3	1470	12
0.590941883772612	118125.127905812	3	1471	12
1.46760187049707	118125.203805611	3	1472	12
5.73429617850945	118125.279705411	3	1473	12
3.82565130293369	118125.35560521	3	1474	12
2.99175016706189	118125.43150501	3	1475	12
2.39669661896844	118125.50740481	3	1476	12
3.51087890086429	118125.583304609	3	1477	12
3.14963259796302	118125.659204409	3	1478	12
3.00325651280582	118125.735104208	3	1479	12
2.68559977114201	118125.811004008	3	1480	12
1.3968543148402	118125.886903808	3	1481	12
2.01227454934269	118125.962803607	3	1482	12
3.84086691891706	118126.038703407	3	1483	12
4.533511467278	118126.114603206	3	1484	12
5.25504069364801	118126.190503006	3	1485	12
3.0876753507182	118126.266402806	3	1486	12
6.28441498371271	118126.342302605	3	1487	12
0.569138276462372	118126.418202405	3	1488	12
2.06952888834274	118126.494102204	3	1489	12
4.93346693416437	118126.570002004	3	1490	12
2.05163660645485	118126.645901804	3	1491	12
2.52769368538197	118126.721801603	3	1492	12
1.077933644255	118126.797701403	3	1493	12
3.6578044977453	118126.873601202	3	1494	12
5.94045233336233	118126.949501002	3	1495	12
5.32004007995129	118127.025400802	3	1496	12
4.93154730530162	118127.101300601	3	1497	12
2.94780866089075	118127.177200401	3	1498	12
1.59787660425014	118127.2531002	3	1499	12
6	118089.468	4	1501	13
7.34252110783194	118089.543893788	4	1502	13
5.02360276050038	118089.619787575	4	1503	13
6.9641388042977	118089.695681363	4	1504	13
4.49164996710089	118089.77157515	4	1505	13
1.40625436915908	118089.847468938	4	1506	13
2.10143363647736	118089.923362725	4	1507	13
10.0464679356664	118089.999256513	4	1508	13
4.99398797571659	118090.075150301	4	1509	13
4.38938747087251	118090.151044088	4	1510	13
3.13398224966867	118090.226937876	4	1511	13
3.16660908018721	118090.302831663	4	1512	13
3.66901803612709	118090.378725451	4	1513	13
2.18766945644337	118090.454619239	4	1514	13
1.19516811437077	118090.530513026	4	1515	13
2.30988643964132	118090.606406814	4	1516	13
1.6027189513316	118090.682300601	4	1517	13
5.77611222445965	118090.758194389	4	1518	13
1.49510131362412	118090.834088176	4	1519	13
2.88680586987926	118090.909981964	4	1520	13
2.64324482313047	118090.985875752	4	1521	13
4.27912968780313	118091.061769539	4	1522	13
4.75577822327614	118091.137663327	4	1523	13
2.48010306326406	118091.213557114	4	1524	13
2.88083860048881	118091.289450902	4	1525	13
3.1093615802271	118091.365344689	4	1526	13
1.22824960253362	118091.441238477	4	1527	13
3.84529058098793	118091.517132265	4	1528	13
3.29739478975534	118091.593026052	4	1529	13
4.59001335998376	118091.66891984	4	1530	13
3.73793741315603	118091.744813627	4	1531	13
0.372634157538414	118091.820707415	4	1532	13
4.40003083073176	118091.896601202	4	1533	13
2.29327620771425	118091.97249499	4	1534	13
1.9157670178721	118092.048388778	4	1535	13
4.66304036655596	118092.124282565	4	1536	13
1.26798040502601	118092.200176353	4	1537	13
1.84773320212679	118092.27607014	4	1538	13
1.68808728555838	118092.351963928	4	1539	13
3.63493653966321	118092.427857715	4	1540	13
2.03374316201017	118092.503751503	4	1541	13
2.95429748379522	118092.579645291	4	1542	13
3.86388160918768	118092.655539078	4	1543	13
7.13511232953323	118092.731432866	4	1544	13
7.51703406704797	118092.807326653	4	1545	13
2.75883194974491	118092.883220441	4	1546	13
2.18857715427876	118092.959114228	4	1547	13
0.425200400874019	118093.035008016	4	1548	13
3.81775315368877	118093.110901804	4	1549	13
6.26853707432747	118093.186795591	4	1550	13
2.94822979221741	118093.262689379	4	1551	13
4.92542980689751	118093.338583166	4	1552	13
3.94188376764456	118093.414476954	4	1553	13
6.34268537163734	118093.490370741	4	1554	13
4.49584883877209	118093.566264529	4	1555	13
9.35971943785747	118093.642158317	4	1556	13
10.9298597196738	118093.718052104	4	1557	13
4.54678587959363	118093.793945892	4	1558	13
9.36793587207794	118093.869839679	4	1559	13
8.9333667345345	118093.945733467	4	1560	13
9.22879091401895	118094.021627255	4	1561	13
19.5598697401583	118094.097521042	4	1562	13
13.3723446895679	118094.17341483	4	1563	13
11.6644197485664	118094.249308617	4	1564	13
9.20240481197834	118094.325202405	4	1565	13
7.63460253675779	118094.401096192	4	1566	13
12.3564271394696	118094.47698998	4	1567	13
17.705410823226	118094.552883768	4	1568	13
23.522244489193	118094.628777555	4	1569	13
21.5342685371637	118094.704671343	4	1570	13
21.8587174341083	118094.78056513	4	1571	13
19.0901803597808	118094.856458918	4	1572	13
22.6638992279768	118094.932352705	4	1573	13
26.9383767545223	118095.008246493	4	1574	13
25.953239813447	118095.084140281	4	1575	13
16.2414829656482	118095.160034068	4	1576	13
18.0360721424222	118095.235927856	4	1577	13
19.294589176774	118095.311821643	4	1578	13
18.3211422860622	118095.387715431	4	1579	13
19.6092184334993	118095.463609218	4	1580	13
20.8757515028119	118095.539503006	4	1581	13
11.099198397249	118095.615396794	4	1582	13
8.21509686112404	118095.691290581	4	1583	13
4.03546222850033	118095.767184369	4	1584	13
7.23090625637108	118095.843078156	4	1585	13
2.85847886261486	118095.918971944	4	1586	13
0.630722118395098	118095.994865731	4	1587	13
0.940929478123075	118096.070759519	4	1588	13
1.6182120336992	118096.146653307	4	1589	13
1.254709418118	118096.222547094	4	1590	13
4.90394121607145	118096.298440882	4	1591	13
1.98544915927493	118096.374334669	4	1592	13
0.250303423740494	118096.450228457	4	1593	13
2.22301746372666	118096.526122245	4	1594	13
4.25599917769432	118096.602016032	4	1595	13
5.35228790901601	118096.67790982	4	1596	13
1.14470319963735	118096.753803607	4	1597	13
1.45278792872148	118096.829697395	4	1598	13
2.2378089512172	118096.905591182	4	1599	13
4.95317908579653	118096.98148497	4	1600	13
9.56312625358502	118097.057378758	4	1601	13
8.75973375301276	118097.133272545	4	1602	13
6.65148478746414	118097.209166333	4	1603	13
5.72180725092238	118097.28506012	4	1604	13
1.27063217352737	118097.360953908	4	1605	13
6.61589846511682	118097.436847695	4	1606	13
13.4045013097616	118097.512741483	4	1607	13
5.72260310147938	118097.588635271	4	1608	13
8.89078156330756	118097.664529058	4	1609	13
11.630861723423	118097.740422846	4	1610	13
8.4472277884682	118097.816316633	4	1611	13
7.60902757871719	118097.892210421	4	1612	13
4.88802605122328	118097.968104208	4	1613	13
5.68008016049862	118098.043997996	4	1614	13
4.13852705433965	118098.119891784	4	1615	13
5.66149690682473	118098.195785571	4	1616	13
5.80735154528367	118098.271679359	4	1617	13
4.47865731492639	118098.347573146	4	1618	13
9.24669338613749	118098.423466934	4	1619	13
12.6721442878246	118098.499360721	4	1620	13
8.9034993063945	118098.575254509	4	1621	13
5.13226452895573	118098.651148297	4	1622	13
4.45991983952431	118098.727042084	4	1623	13
4.73634225000506	118098.802935872	4	1624	13
3.86996214588483	118098.878829659	4	1625	13
6.68203072829379	118098.954723447	4	1626	13
8.26172344684601	118099.030617234	4	1627	13
9.49899799579924	118099.106511022	4	1628	13
8.35317301253478	118099.18240481	4	1629	13
1.79004675994317	118099.258298597	4	1630	13
4.2080078523378	118099.334192385	4	1631	13
7.63794255256653	118099.410086172	4	1632	13
5.5812916154823	118099.48597996	4	1633	13
3.39719438883993	118099.561873748	4	1634	13
1.5384101538044	118099.637767535	4	1635	13
1.58717434853315	118099.713661323	4	1636	13
4.50290053769162	118099.78955511	4	1637	13
3.75283901145061	118099.865448898	4	1638	13
3.54629258513451	118099.941342685	4	1639	13
5.59113348657038	118100.017236473	4	1640	13
2.118347807063	118100.093130261	4	1641	13
4.27439879775047	118100.169024048	4	1642	13
6.8196392779549	118100.244917836	4	1643	13
8.23767535090446	118100.320811623	4	1644	13
6.64729458838701	118100.396705411	4	1645	13
9.18565702864102	118100.472599198	4	1646	13
8.31337675265968	118100.548492986	4	1647	13
5.09669338539243	118100.624386774	4	1648	13
12.359719440341	118100.700280561	4	1649	13
8.10320641286671	118100.776174349	4	1650	13
4.47529842283415	118100.852068136	4	1651	13
2.31131012039259	118100.927961924	4	1652	13
3.65302032615457	118101.003855711	4	1653	13
3.04466075024435	118101.079749499	4	1654	13
1.98945431850973	118101.155643287	4	1655	13
0.601613483367822	118101.231537074	4	1656	13
1.85720158272829	118101.307430862	4	1657	13
5.53246493041515	118101.383324649	4	1658	13
6.19539078325033	118101.459218437	4	1659	13
2.5460635555642	118101.535112224	4	1660	13
3.35671342696462	118101.611006012	4	1661	13
3.49498998001218	118101.6868998	4	1662	13
7.14130221219624	118101.762793587	4	1663	13
3.32469817668926	118101.838687375	4	1664	13
0.260683529179644	118101.914581162	4	1665	13
0.773479391191457	118101.99047495	4	1666	13
2.07656221532009	118102.066368737	4	1667	13
2.83011477508328	118102.142262525	4	1668	13
0.51374749481678	118102.218156313	4	1669	13
1.97500263703497	118102.2940501	4	1670	13
3.404496492818	118102.369943888	4	1671	13
2.51350701391697	118102.445837675	4	1672	13
2.44088176351327	118102.521731463	4	1673	13
3.7897613407536	118102.597625251	4	1674	13
4.02672010660172	118102.673519038	4	1675	13
6.7585697707377	118102.749412826	4	1676	13
3.35583667363971	118102.825306613	4	1677	13
1.86578420000641	118102.901200401	4	1678	13
0.197060788257254	118102.977094188	4	1679	13
2.69975951910019	118103.052987976	4	1680	13
6.20430334382936	118103.128881764	4	1681	13
6.62925851593415	118103.204775551	4	1682	13
4.4908149631487	118103.280669339	4	1683	13
6.86509861836308	118103.356563126	4	1684	13
3.52855711430311	118103.432456914	4	1685	13
6.93242039641848	118103.508350701	4	1686	13
1.35951354773077	118103.584244489	4	1687	13
1.21995342019442	118103.660138277	4	1688	13
4.05492065202546	118103.736032064	4	1689	13
2.15954986902384	118103.811925852	4	1690	13
1.5995821429694	118103.887819639	4	1691	13
1.45441358912559	118103.963713427	4	1692	13
1.77755511062486	118104.039607214	4	1693	13
4.27494990006089	118104.115501002	4	1694	13
4.41761784449868	118104.19139479	4	1695	13
1.48077974129807	118104.267288577	4	1696	13
0.299114357720139	118104.343182365	4	1697	13
0.907097213391988	118104.419076152	4	1698	13
1.46822677624802	118104.49496994	4	1699	13
0.34091259424503	118104.570863727	4	1700	13
1.86408110335469	118104.646757515	4	1701	13
1.67234468939049	118104.722651303	4	1702	13
3.58255286089012	118104.79854509	4	1703	13
6.5548597201705	118104.874438878	4	1704	13
7.36105544368426	118104.950332665	4	1705	13
4.38677354902029	118105.026226453	4	1706	13
4.14858287998608	118105.10212024	4	1707	13
2.311623246409	118105.178014028	4	1708	13
1.9384651657413	118105.253907816	4	1709	13
2.70961100291716	118105.329801603	4	1710	13
0.120394635276917	118105.405695391	4	1711	13
2.2826628866719	118105.481589178	4	1712	13
5.60615968782651	118105.557482966	4	1713	13
4.10492985963821	118105.633376754	4	1714	13
8.08105099035634	118105.709270541	4	1715	13
1.08356713354588	118105.785164329	4	1716	13
0.839418837726116	118105.861058116	4	1717	13
0.0804809619486332	118105.936951904	4	1718	13
0.00461422845721245	118106.012845691	4	1719	13
0.194348697401583	118106.088739479	4	1720	13
0.384083166345954	118106.164633267	4	1721	13
0.573817635253072	118106.240527054	4	1722	13
0.763552104197443	118106.316420842	4	1723	13
0.953286573141813	118106.392314629	4	1724	13
2.02315742605262	118106.468208417	4	1725	13
3.11022044122219	118106.544102204	4	1726	13
3.29427482392274	118106.619995992	4	1727	13
0.470016957475589	118106.69588978	4	1728	13
0.84076586904296	118106.771783567	4	1729	13
2.26155012725173	118106.847677355	4	1730	13
1.27224259837618	118106.923571142	4	1731	13
2.30111948041053	118106.99946493	4	1732	13
1.20179489384527	118107.075358717	4	1733	13
3.56116677787569	118107.151252505	4	1734	13
4.38209752738476	118107.227146293	4	1735	13
4.63999427429267	118107.30304008	4	1736	13
0.386311083649978	118107.378933868	4	1737	13
3.27310621261597	118107.454827655	4	1738	13
3.7600306998542	118107.530721443	4	1739	13
6.58076152279973	118107.60661523	4	1740	13
3.37851460503809	118107.682509018	4	1741	13
4.19295734326754	118107.758402806	4	1742	13
4.26452905791146	118107.834296593	4	1743	13
0.341265865291158	118107.910190381	4	1744	13
1.65435789623221	118107.986084168	4	1745	13
0.0532116866425464	118108.061977956	4	1746	13
0.791161269929848	118108.137871743	4	1747	13
2.33827655315399	118108.213765531	4	1748	13
6.90563736175713	118108.289659319	4	1749	13
11.1843687395255	118108.365553106	4	1750	13
4.86406145658758	118108.441446894	4	1751	13
0.165502433425614	118108.517340681	4	1752	13
0.436551674774715	118108.593234469	4	1753	13
0.707600916123816	118108.669128257	4	1754	13
0.978650157472917	118108.745022044	4	1755	13
2.94210643528236	118108.820915832	4	1756	13
4.84807710633391	118108.896809619	4	1757	13
5.05861723423004	118108.972703407	4	1758	13
4.93364506794347	118109.048597194	4	1759	13
4.17273007562527	118109.124490982	4	1760	13
4.52404809650034	118109.20038477	4	1761	13
3.25738142977158	118109.276278557	4	1762	13
1.1465430855751	118109.352172345	4	1763	13
11.6552533639329	118109.428066132	4	1764	13
7.49331997334957	118109.50395992	4	1765	13
4.58664697800812	118109.579853707	4	1766	13
1.10678499937058	118109.655747495	4	1767	13
1.59118236435784	118109.731641283	4	1768	13
3.79072430516992	118109.80753507	4	1769	13
2.08116232468323	118109.883428858	4	1770	13
6.91533066146076	118109.959322645	4	1771	13
9.73917835652828	118110.035216433	4	1772	13
9.16896292598297	118110.11111022	4	1773	13
12.6671120011144	118110.187004008	4	1774	13
12.551102206111	118110.262897796	4	1775	13
6.85307457023545	118110.338791583	4	1776	13
6.48574071205579	118110.414685371	4	1777	13
13.7744059541396	118110.490579158	4	1778	13
16.0658817626536	118110.566472946	4	1779	13
13.9095333516598	118110.642366733	4	1780	13
6.36973948031664	118110.718260521	4	1781	13
9.07715430855751	118110.794154309	4	1782	13
9.69050601217896	118110.870048096	4	1783	13
8.48078766206037	118110.945941884	4	1784	13
7.13184702768922	118111.021835671	4	1785	13
4.74589178264141	118111.097729459	4	1786	13
11.1248651146889	118111.173623247	4	1787	13
8.56553106208642	118111.249517034	4	1788	13
6.84324203928312	118111.325410822	4	1789	13
2.28426082890767	118111.401304609	4	1790	13
3.01653306558728	118111.477198397	4	1791	13
9.50512135359976	118111.553092184	4	1792	13
8.57243057553257	118111.628985972	4	1793	13
6.10842738104494	118111.70487976	4	1794	13
2.18078016507071	118111.780773547	4	1795	13
4.26554804535235	118111.856667335	4	1796	13
4.33888830322968	118111.932561122	4	1797	13
2.79542418196797	118112.00845491	4	1798	13
5.85956528438972	118112.084348697	4	1799	13
3.18937875702977	118112.160242485	4	1800	13
5.82725450992584	118112.236136273	4	1801	13
9.56928141947303	118112.31203006	4	1802	13
9.41769252717495	118112.387923848	4	1803	13
5.03647294640541	118112.463817635	4	1804	13
5.1478819708372	118112.539711423	4	1805	13
6.98318859934807	118112.61560521	4	1806	13
2.43762524984777	118112.691498998	4	1807	13
2.61508201614574	118112.767392786	4	1808	13
2.28883854656116	118112.843286573	4	1809	13
2.08126892086039	118112.919180361	4	1810	13
0.190741482973099	118112.995074148	4	1811	13
0.949679358750582	118113.070967936	4	1812	13
1.90848363401034	118113.146861723	4	1813	13
3.94680269649535	118113.222755511	4	1814	13
1.24170563369989	118113.298649299	4	1815	13
1.95612653877054	118113.374543086	4	1816	13
1.68110580131029	118113.450436874	4	1817	13
0.177822311222553	118113.526330661	4	1818	13
0.4978965565221	118113.602224449	4	1819	13
1.19458147052389	118113.678118236	4	1820	13
1.29141616572936	118113.754012024	4	1821	13
2.93683018211437	118113.829905812	4	1822	13
2.17148582850184	118113.905799599	4	1823	13
3.66872205986426	118113.981693387	4	1824	13
2.79174348711967	118114.057587174	4	1825	13
5.21080622764734	118114.133480962	4	1826	13
5.88126252517104	118114.20937475	4	1827	13
0.0596983440612492	118114.285268537	4	1828	13
2.74797094184905	118114.361162325	4	1829	13
0.930542903867635	118114.437056112	4	1830	13
0.397157952189446	118114.5129499	4	1831	13
3.17613408619707	118114.588843687	4	1832	13
5.27541750172774	118114.664737475	4	1833	13
4.59218436852098	118114.740631263	4	1834	13
3.4830375037023	118114.81652505	4	1835	13
3.23647294690212	118114.892418838	4	1836	13
4.38391067939145	118114.968312625	4	1837	13
3.93967935889959	118115.044206413	4	1838	13
2.26825078730545	118115.1201002	4	1839	13
3.18979731617095	118115.195993988	4	1840	13
5.13902805559337	118115.271887776	4	1841	13
5.32449514361528	118115.347781563	4	1842	13
3.21133175492287	118115.423675351	4	1843	13
1.5355711420998	118115.499569138	4	1844	13
1.75088271782512	118115.575462926	4	1845	13
0.14883152760595	118115.651356713	4	1846	13
0.4511972151667	118115.727250501	4	1847	13
0.75356290272745	118115.803144289	4	1848	13
1.41288459257168	118115.879038076	4	1849	13
2.21887252771336	118115.954931864	4	1850	13
6.10091611796192	118116.030825651	4	1851	13
2.79336450662878	118116.106719439	4	1852	13
1.8697394791704	118116.182613226	4	1853	13
4.5922898426652	118116.258507014	4	1854	13
2.39979960024357	118116.334400802	4	1855	13
1.72351369410753	118116.410294589	4	1856	13
1.87059833960874	118116.486188377	4	1857	13
6.37243236461654	118116.562082164	4	1858	13
5.00801602999369	118116.637975952	4	1859	13
2.8695486216318	118116.713869739	4	1860	13
1.02131849912734	118116.789763527	4	1861	13
4.01850760333678	118116.865657315	4	1862	13
5.3433088398642	118116.941551102	4	1863	13
2.08897795677185	118117.01744489	4	1864	13
6.15654839049367	118117.093338677	4	1865	13
1.74840590222315	118117.169232465	4	1866	13
0.805383494293148	118117.245126253	4	1867	13
0.11155644622114	118117.32102004	4	1868	13
1.53602727847313	118117.396913828	4	1869	13
1.44164190467062	118117.472807615	4	1870	13
2.54477375784987	118117.548701403	4	1871	13
5.01686706766486	118117.62459519	4	1872	13
3.03406813641389	118117.700488978	4	1873	13
0.0871682759487268	118117.776382766	4	1874	13
0.547130624904777	118117.852276553	4	1875	13
1.09002620669512	118117.928170341	4	1876	13
9.35470941662788	118118.004064128	4	1877	13
8.89356490804089	118118.079957916	4	1878	13
5.65842796696557	118118.155851703	4	1879	13
3.10247768258507	118118.231745491	4	1880	13
4.09442885756493	118118.307639279	4	1881	13
6.02423027902842	118118.383533066	4	1882	13
3.07150664993308	118118.459426854	4	1883	13
4.74045869509379	118118.535320641	4	1884	13
2.83222258472165	118118.611214429	4	1885	13
6.48196392754714	118118.687108216	4	1886	13
5.11991983950138	118118.763002004	4	1887	13
2.9360148864133	118118.838895792	4	1888	13
1.18535621960958	118118.914789579	4	1889	13
1.59583452610033	118118.990683367	4	1890	13
3.98887248180415	118119.066577154	4	1891	13
2.81763527045647	118119.142470942	4	1892	13
2.53243630102703	118119.218364729	4	1893	13
1.91292585134506	118119.294258517	4	1894	13
0.601109195240708	118119.370152305	4	1895	13
0.704874537780251	118119.446046092	4	1896	13
2.63499726727605	118119.52193988	4	1897	13
3.52260453115075	118119.597833667	4	1898	13
2.44070750183385	118119.673727455	4	1899	13
1.25673569324944	118119.749621242	4	1900	13
6.36766867041588	118119.82551503	4	1901	13
4.12825651307191	118119.901408818	4	1902	13
1.78450233803855	118119.977302605	4	1903	13
2.67607214421034	118120.053196393	4	1904	13
5.29677001080092	118120.12909018	4	1905	13
3.7656489452895	118120.204983968	4	1906	13
1.06059541760646	118120.280877756	4	1907	13
1.84300559882036	118120.356771543	4	1908	13
3.51008076762611	118120.432665331	4	1909	13
4.01863727470239	118120.508559118	4	1910	13
4.545591181765	118120.584452906	4	1911	13
6.68592741009262	118120.660346693	4	1912	13
7.15995627641678	118120.736240481	4	1913	13
1.64328657314181	118120.812134269	4	1914	13
4.86915767000568	118120.888028056	4	1915	13
3.91992317947249	118120.963921844	4	1916	13
7.02048541605473	118121.039815631	4	1917	13
5.7350415119103	118121.115709419	4	1918	13
10.5344021370014	118121.191603206	4	1919	13
15.5838343352079	118121.267496994	4	1920	13
9.06513026108344	118121.343390782	4	1921	13
4.52393676175012	118121.419284569	4	1922	13
4.68713426828384	118121.495178357	4	1923	13
3.40752092442092	118121.571072144	4	1924	13
4.33657791784832	118121.646965932	4	1925	13
9.86915497668087	118121.722859719	4	1926	13
2.92756942340306	118121.798753507	4	1927	13
3.1680503860116	118121.874647295	4	1928	13
10.8184941315225	118121.950541082	4	1929	13
14.2391449560722	118122.02643487	4	1930	13
17.0410821642727	118122.102328657	4	1931	13
14.6112224459648	118122.178222445	4	1932	13
17.558116234839	118122.254116232	4	1933	13
23.7474949881434	118122.33001002	4	1934	13
24.4192384779453	118122.405903808	4	1935	13
19.6012024059892	118122.481797595	4	1936	13
19.130861723423	118122.557691383	4	1937	13
22.1462925858796	118122.63358517	4	1938	13
30.4929859737555	118122.709478958	4	1939	13
37.2545090317726	118122.785372745	4	1940	13
18.0380761516946	118122.861266533	4	1941	13
18.9732798933983	118122.937160321	4	1942	13
24.2108216434717	118123.013054108	4	1943	13
13.4739478975534	118123.088947896	4	1944	13
6.00565416525517	118123.164841683	4	1945	13
16.303941215078	118123.240735471	4	1946	13
19.8741482973099	118123.316629259	4	1947	13
21.8953907817602	118123.392523046	4	1948	13
7.19438877701759	118123.468416834	4	1949	13
4.45242484986782	118123.544310621	4	1950	13
4.99462082040937	118123.620204409	4	1951	13
2.30695874526583	118123.696098196	4	1952	13
2.99983967930079	118123.771991984	4	1953	13
6.20953017142084	118123.847885772	4	1954	13
8.56734521687031	118123.923779559	4	1955	13
1.13352419137955	118123.999673347	4	1956	13
3.0938719542403	118124.075567134	4	1957	13
1.47656288197855	118124.151460922	4	1958	13
4.24443252699476	118124.227354709	4	1959	13
3.40881763534112	118124.303248497	4	1960	13
8.10320641265975	118124.379142285	4	1961	13
5.21170913215194	118124.455036072	4	1962	13
4.25876753591001	118124.53092986	4	1963	13
3.00464086077715	118124.606823647	4	1964	13
1.98512815095876	118124.682717435	4	1965	13
8.84325794449874	118124.758611222	4	1966	13
7.21906312648207	118124.83450501	4	1967	13
9.33006011992693	118124.910398798	4	1968	13
4.14629258215427	118124.986292585	4	1969	13
9.16948182029384	118125.062186373	4	1970	13
3.6577599644661	118125.13808016	4	1971	13
5.70513754778288	118125.213973948	4	1972	13
3.64838768406348	118125.289867736	4	1973	13
5.58362879623205	118125.365761523	4	1974	13
4.67234469205141	118125.441655311	4	1975	13
0.630908876657486	118125.517549098	4	1976	13
3.77773193445276	118125.593442886	4	1977	13
4.13745137347895	118125.669336673	4	1978	13
2.81319782403963	118125.745230461	4	1979	13
3.66501002013683	118125.821124249	4	1980	13
0.50064414526735	118125.897018036	4	1981	13
1.68034971038719	118125.972911824	4	1982	13
5.26853707432747	118126.048805611	4	1983	13
6.28516291854558	118126.124699399	4	1984	13
4.93409040239122	118126.200593186	4	1985	13
3.23615652322769	118126.276486974	4	1986	13
3.32090267474237	118126.352380762	4	1987	13
7.06863727420569	118126.428274549	4	1988	13
7.80287848412991	118126.504168337	4	1989	13
4.05310621261597	118126.580062124	4	1990	13
5.70146960566441	118126.655955912	4	1991	13
5.98329993254609	118126.731849699	4	1992	13
6.5726452904443	118126.807743487	4	1993	13
2.1687661036849	118126.883637275	4	1994	13
0.505582593736194	118126.959531062	4	1995	13
0.477497852912971	118127.03542485	4	1996	13
1.36406145631163	118127.111318637	4	1997	13
2.80138053827816	118127.187212425	4	1998	13
5.16875129578442	118127.263106212	4	1999	13
